text,y_true,y_pred
So I don’t think that that insight was in any way responsible for the high inflation that we experienced.,1,2
We’ll be looking at the growth data.,2,2
And kind of a related question: The statement today says you’ll keep policy accommodative until you hit that 2 percent inflation target.,0,0
But there—it’s more than just monetary policy.,2,2
And we start to see goods inflation coming down.,0,0
"Obviously, if data—if the inflation data come in worse, that could move up.",2,1
Inflation has made progress toward the Committee's 2 percent objective but remains somewhat elevated.,1,1
The war and related events are contributing to upward pressure on inflation and are weighing on global economic activity.,1,1
"What it can and must do is ensure that higher prices do not lead to ongoing inflation.” I wonder if that kind of reflects your own sense of prioritization, faced with higher prices and weaker growth—that the idea is, you have to take care of inflation.",1,1
"I mentioned that the inflation report was actually a little better than expected, but, you know, we’re, we’re going to be careful about taking too much signal from, from a single reading.",2,2
"you know, I think this level of—this speedy decline in both supply and demand has certainly gotten everyone’s attention.",0,0
The Committee seeks to achieve maximum employment and inflation at the rate of 2 percent over the longer run.,0,0
"In light of the progress on inflation and the balance of risks, the Committee decided to lower the target range for the federal funds rate by 1/2 percentage point to 4-3/4 to 5 percent.",0,0
"People think trend growth over a long period of time is a little bit less than 2 percent, or I would say just around 2 percent.",2,2
"In assessing the appropriate stance of monetary policy, the Committee will continue to monitor the implications of incoming information for the economic outlook.",2,2
"they’ve felt the drag of the past Fed actions, have started to recover in some regions, and financial conditions, you know, most recently were easing.",2,0
Much of this rapid growth reflects the continued bounceback in activity from depressed levels.,2,1
"In determining the extent of future increases in the target range, the Committee will take into account the cumulative tightening of monetary policy, the lags with which monetary policy affects economic activity and inflation, and economic and financial d",1,1
"So, if I—if I could follow up on that, the statement allows that you want greater confidence on inflation falling before you cut",0,1
We know that inflation dynamics do evolve over time.,2,2
Labor demand is very strong,1,2
We remain committed to bringing inflation back down to our 2 percent goal and to keep longer-term inflation expectations well anchored.,1,1
Higher interest rates and slower output growth also appear to be weighing on business fixed investment.,0,2
"And we’re waiting for the tariffs, which were put in place over the course of the middle part and later last year, we’re waiting for that to go through the system so that goods inflation will return closer to what it’s always been.",2,2
"The unemployment rate remained very low in March, at 3.5 percent.",1,0
"On the other hand, if you make the mistake in the other direction and you let this drag on, then it’s a year or two down the road, and you’re realizing, inflation behaving the way it can, you’re realizing you didn’t actually get it, you have to go back in.",2,2
"The unemployment rate remains low, and labor market conditions remain solid. Inflation remains somewhat elevated.",1,1
The Committee is strongly committed to supporting maximum employment and returning inflation to its 2 percent objective.,0,0
The Committee would be prepared to adjust the stance of monetary policy as appropriate if risks emerge that could impede the attainment of the Committee's goals.,2,2
"the labor market has remained strong, and that is very good news.",1,1
"In assessing the appropriate stance of monetary policy, the Committee will continue to monitor the implications of incoming information for the economic outlook.",2,2
"Shorter-term inflation expectations moved up between the last meeting and this meeting, and we don’t think those are as indicative, but they may be important in the wage-setting process.",1,2
We had low unemployment in 2018 and ’19 and the beginning of ’20 without having troubling inflation at all.,2,2
"I mean, monetary policy is going to get made by, you know, 19 people.",0,2
"So housing inflation is the—is the one piece that is kind of dragging a bit, if I can say.",1,2
"So what that means is that the risks, which—the risks were clearly tilted toward inflation.",1,1
"And so far, we’ve got—as I mentioned, in goods, we have inflation moving down without the softening in the labor market.",0,0
"I continue to think—and this really hasn’t changed—that there is a path to getting inflation back down to 2 percent without having to see the kind of sharp downturn and, and large losses of employment that we’ve seen in so many past instances.",0,0
So the idea that we would keep hiking until inflation gets to 2 percent—it would be a prescription [for a policy] of going way past the target.,2,1
"Obviously, inflation is some ways away from target.",2,0
"What I’m telling you is that the stance of monetary policy we have today, we believe, is appropriate.",2,2
The Committee expects to maintain an accommodative stance of monetary policy until these outcomes are achieved.,0,0
"excluding the volatile food and energy categories, core PCE prices rose 4.6 percent.",1,2
"But if you look at the labor market, you’ve got growth—I think, payroll jobs averaging 450,000 per month.",2,1
also sustaining a strong labor market.,2,1
"And, you know, that’s appropriate, given what inflation has done in the first quarter.",2,1
"Again, if you look around the world at where inflation levels are, it’s absolutely extraordinary.",2,2
Supply and demand imbalances related to the pandemic and the reopening of the economy have contributed to sizable price increases in some sectors.,0,1
Inflation has eased substantially over the past year,0,0
The Committee decided to keep the target range for the federal funds rate at 0 to 1/4 percent and expects it will be appropriate to maintain this target range until labor market conditions have reached levels consistent with the Committee's assessments of,0,0
"So there are many, many different inflation measures, of course.",2,2
The Committee judges that the risks to achieving its employment and inflation goals are roughly in balance.,2,2
The Committee will continue to assess additional information and its implications for monetary policy.,2,2
Price stability is half of our mandate.,2,2
The Committee seeks to achieve maximum employment and inflation at the rate of 2 percent over the longer run.,0,0
"The Committee's assessments will take into account a wide range of information, including readings on labor market conditions, inflation pressures and inflation expectations, and financial and international developments.",2,2
"A good part of the slowing in the pace of job growth over the past year reflects a decline in the growth of the labor force due to lower immigration and labor force participation, though labor demand has clearly softened as well.",0,0
"It is still likely to be true—not a certainty—but likely that we will need to see some slower growth and some softening in the labor market—in labor market conditions to get, you know, to fully restore price stability.",1,0
We’re not—no one’s sitting here unaware of the possibility of higher productivity.,0,2
"I mean, the question is, will productivity run—there are two questions.",2,2
The Committee would be prepared to adjust the stance of monetary policy as appropriate if risks emerge that could impede the attainment of the Committee's goals.,2,2
Recent indicators point to modest growth in spending and production.,2,2
"Every decision we make—whether about interest rates, or regulatory and supervisory matters, or other issues—is made in service of that purpose.",2,2
"Existing home sales have fallen for seven months straight, mortgage rates are at their highest level since 2008, yet mortgage demand increased this week, and housing prices are still elevated.",1,1
"Inflation is elevated, largely reflecting factors that are expected to be transitory.",1,1
Our monetary policy actions are guided by our dual mandate to promote maximum employment and stable prices for the American people.,0,0
The Committee seeks to achieve maximum employment and inflation at the rate of 2 percent over the longer run.,0,0
"Well, fortunately, we’re in a situation where we have seen inflation move down from, you know, higher levels to pretty close to 2 percent",0,2
Recent indicators point to modest growth of spending and production this quarter.,2,2
"The Committee's assessments will take into account a wide range of information, including readings on labor market conditions, inflation pressures and inflation expectations, and financial and international developments.",2,2
The Committee seeks to achieve maximum employment and inflation at the rate of 2 percent over the longer run.,0,0
"In addition, the Federal Reserve will continue to increase its holdings of Treasury securities by at least $80 billion per month and of agency mortgage√¢¬Ä¬ëbacked securities by at least $40 billion per month until substantial further progress has been ma",1,0
The war and related events are creating additional upward pressure on inflation and are weighing on global economic activity.,0,1
"I’m wondering if you see that as disinflationary because you’re seeing supply chains improve or inflationary because it obviously brings a lot more demand globally, improves the global outlook for growth and for commodities prices.",0,1
"So we do— what we expect for next year is continued—what we want to see for this year, rather, is continued progress on housing services, finally seeing the goods inflation come back down, because the one-time effects of tariffs are through, and then also get some help from nonhousing services.",0,1
"Although swings in net exports have affected the data, recent indicators suggest that economic activity has continued to expand at a solid pace.",1,2
"Well, you know, we have a job assigned to us by Congress to get inflation under control.",2,2
"Ordinarily, when the labor market is weak, inflation is low",0,0
"As you mentioned, core PCE [inflation] has been running at 1.9 percent over the past six months.",0,2
The Committee is highly attentive to inflation risks.,2,2
The Committee seeks to achieve maximum employment and inflation at the rate of 2 percent over the longer run.,0,0
"Over the past three months, employment rose by an average of 375,000 jobs per month—down from the average pace seen earlier in the year, but still robust.",1,1
"I will say that the inflation data that we got, to your point, really pointed to stronger inflation.",1,1
Recent indicators suggest that growth of economic activity moderated in the first half of the year.,2,2
"At the central bank and in the economics profession, what we spend most of our time doing is counting demand.",2,2
The Committee is strongly committed to supporting maximum employment and returning inflation to its 2 percent objective.,0,0
"In addition, the Federal Reserve will continue to increase its holdings of Treasury securities by at least $80 billion per month and of agency mortgage√¢¬Ä¬ëbacked securities by at least $40 billion per month until substantial further progress has been ma",1,0
"it’s the price level, because inflation has raised prices.",1,2
"A good part of the slowing in the pace of job growth over the past year reflects a decline in the growth of the labor force due to lower immigration and labor force participation, though labor demand has clearly softened as well.",0,0
"In assessing the appropriate stance of monetary policy, the Committee will continue to monitor the implications of incoming information for the economic outlook.",2,2
"So two things on sort of the real side here, one inflation and then—and then GDP.",2,2
"I won’t say it has nothing to do with monetary policy, but it also—it has a tremendous amount to do with vaccination and reopening of the economy.",2,2
The Committee is strongly committed to returning inflation to its 2 percent objective.,2,0
"During your tenure as Chair, you often spoke about how disadvantaged Americans benefited from extended periods of low unemployment.",1,0
I wonder if you see that as a positive thing or as a potential start to a wage–price spiral and sort of how you sort of delineate those two things.,2,1
So there’s nothing happening with rates going up out there that suggests concern about inflation in the long term or anything like that.,1,2
"The unemployment rate has stabilized at a low level in recent months, and labor market conditions remain solid. Inflation remains somewhat elevated.",1,1
"We, we haven’t thought of wages as being the principal, you know, cause of inflation.",1,2
"So coming to your real question, we got the ECI reading on the eve of the November meeting—it was the Friday before the November meeting—and it was very high, 5.7 percent reading for the employment compensation index for the third quarter, not annualized, for the third quarter, just before the meeting.",2,1
"In determining the extent of any additional policy firming that may be appropriate to return inflation to 2 percent over time, the Committee will take into account the cumulative tightening of monetary policy, the lags with which monetary policy affects e",1,1
The Committee is highly attentive to inflation risks.,2,2
You’ve had a one-time price increase.,1,2
"You know, I would say housing was—the housing market was very overheated for the couple of years after the pandemic as demand increased and rates were low.",0,0
there have been price shocks.,2,2
"In assessing the appropriate stance of monetary policy, the Committee will continue to monitor the implications of incoming information for the economic outlook.",2,2
My base case is that the economy can return to 2 percent inflation without a really significant downturn or a really big increase in unemployment.,2,2
"As I mentioned, you know, the, the—sort of the majority of the Committee was of the view that inflation’s a bit above target, maximum employment is at target.",2,1
One was the risk of a wage– price spiral.,2,1
"In March, you described the standard practice of “looking through” energy shocks as conditional on inflation expectations staying anchored.",2,2
"You’ll never get inflation to 2 percent.” Some of our critics now who say inflation’s too tight—too high were the same ones who were saying, “You’ll never get to 2 percent.” Well, but anyway, that’s what happened.",2,2
The unemployment rate at near a 50-year low at 3.6 percent.,2,1
"We therefore don’t know what the effects on the economy would be—specifically, whether and to what extent those policies would matter for the achievement of our goal variables: maximum employment and price stability.",2,2
"So that—we look at that, and the thing about tariff inflation is the base case is that it will come, and it probably will increase further.",1,1
The war and related events are creating additional upward pressure on inflation and are weighing on global economic activity.,2,1
I would note that a transitory rise in inflation above 2 percent this year would not meet this standard.,2,2
I worry that these attacks are battering the institution and putting at risk the thing that really matters to the public—which is the ability to conduct monetary policy without taking into consideration political factors.,2,2
"So it’s, it’s good, actually, to see inflation—longer-term inflation expectations move back up to a range—it’s a range that’s consistent with what our objectives are.",1,1
"Inflation is still—you know, core inflation is still well above target on a 12-month basis.",1,1
And we’ve seen it gradually move back into much better balance between supply and demand.,2,2
We focused on potential revisions to our Statement on Longer-Run Goals and Monetary Policy Strategy and are on track to wrap up any modifications by late summer.,2,2
"In assessing the appropriate stance of monetary policy, the Committee will continue to monitor the implications of incoming information for the economic outlook.",2,2
It should come as we start to see in the middle of the year progress on tariffs going through once and then tariff inflation coming down.,0,1
"Well, so, as I mentioned, you can see places where the demand is substantially in excess of supply.",2,2
"We, at the Fed, will do everything we can to achieve our maximum-employment and price-stability goals.",2,0
"Until we know more about how this is going to settle out and what the economic implications are for employment, for—and for, for inflation, I couldn’t confidently say that I know what the appropriate path will be.",2,2
The Committee is highly attentive to inflation risks.,2,2
Inflation has eased over the past year but remains somewhat elevated.,1,1
"With progress on vaccinations and strong policy support, indicators of economic activity and employment have continued to strengthen.",1,1
And they’re—also remember that the SEP doesn’t actually include all the things that go into maximum employment.,2,2
"The price of oil in the markets today or even the price of a dozen eggs, that does not have first-order consequences to what we’re doing.",2,2
Recent indicators suggest that economic activity has continued to expand at a modest pace.,2,2
"You know, inflation is the thing we need to work on.",2,2
"Job gains have been robust in recent months, and the unemployment rate has remained low.",1,1
"We, we’ve managed to, to have the unemployment rate remain essentially at its longer-run natural rate",2,2
"Again, not something we need to see to get 2 percent inflation.",2,2
"The Committee's assessments will take into account a wide range of information, including readings on labor market conditions, inflation pressures and inflation expectations, and financial and international developments.",2,2
We can be less certain when we infer the timing and extent of the growth on the supply side.,2,2
"With today’s action, we have raised interest rates by 5 percentage points in a little more than a year.",1,1
"So it’s a, you know, it’s a question whether spending, you know, goes down to offset the inflationary effects.",2,2
"You’re lapping—as you know, when you look at a 12-month trailing window, you’re lapping very high inflation in March, April, May, June of last year.",1,1
We expect to maintain an accommodative stance of monetary policy until these employment and inflation outcomes are achieved.,0,0
"But it just seems that, to me, that it’s possible that we can continue to have a cooling in the labor market without having the big increases in unemployment that have gone with many, you know, prior episodes.",2,2
"What we’re doing now is, you know, it’s raising interest rates for people.",1,1
"Risks to both of the variables are a little less—I think that the upside risks to inflation, again, a little bit less, and the downside risks to employment a little less.",2,2
"Tighter credit conditions for households and businesses are likely to weigh on economic activity, hiring, and inflation.",0,1
"It is extremely important—not for the people who work at the Fed at any given time, but for the people that we serve—that the Fed remain able to conduct monetary policy in a way that doesn’t get pulled into politics, trying to help or hurt any particular politician or political party.",2,2
Inflation has made further progress toward the Committee's 2 percent objective but remains somewhat elevated.,1,1
But that would suggest that you all could theoretically see inflation sustainably staying above 2 percent.,1,2
"If you’re a person who’s living paycheck to paycheck, and suddenly all the things you buy—the fundamentals of life—go up in price, you, you are in trouble right away.",2,1
The Committee seeks to achieve maximum employment and inflation at the rate of 2 percent over the longer run.,0,0
Our obligation is to keep longer-term inflation expectations well anchored and to prevent a one-time increase in the price level from becoming an ongoing inflation problem.,2,1
"The economic outlook is uncertain, however, and we remain highly attentive to inflation risks.",2,2
"In your five-year review, you said the, the 2 percent inflation target won’t be on the table.",1,2
The Committee remains highly attentive to inflation risks.,1,2
"Job gains have kept pace with the workforce, and the unemployment rate has changed little.",2,2
"Job gains have moderated since earlier in the year but remain strong, and the unemployment rate has remained low. Inflation remains elevated.",2,1
"In assessing the appropriate stance of monetary policy, the Committee will continue to monitor the implications of incoming information for the economic outlook.",2,2
"Inflation remains elevated, reflecting supply and demand imbalances related to the pandemic, higher food and energy prices, and broader price pressures.",1,1
Recent indicators suggest that economic activity has continued to expand at a solid pace.,1,1
"Some of it is a fall in real yields, which may have been connected to—some speculate—connected to sentiment around the, the spread of the Delta variant and concern about growth.",0,0
"Overall, a wide set of indicators suggests that conditions in the labor market are broadly in balance and consistent with maximum employment.",2,2
The invasion and related events are creating additional upward pressure on inflation and are likely to weigh on economic activity.,1,1
"Longer-term inflation expectations appear to remain well anchored, as reflected in a broad range of surveys of households and businesses and forecasters, as well as measures from financial markets.",2,2
The Committee is strongly committed to returning inflation to its 2 percent objective.,2,0
The Committee decided to keep the target range for the federal funds rate at 0 to 1/4 percent and expects it will be appropriate to maintain this target range until labor market conditions have reached levels consistent with the Committee's assessments of,0,0
"If that’s what it is, then that actually implies that, that other months were underreporting too low inflation.",0,0
"For 2023 as a whole, GDP expanded at 3.1 percent, bolstered by strong consumer demand as well as improving supply conditions.",1,1
"Job gains have moderated since early last year but remain strong, and the unemployment rate has remained low.",1,1
"And you mentioned below–2 percent inflation for—on a three-month basis, core PCE has been running at 1½ percent.",0,0
Progress on vaccinations and an easing of supply constraints are expected to support continued gains in economic activity and employment as well as a reduction in inflation.,1,0
"It’s not that we’re aiming to, to raise unemployment",0,2
The Committee is strongly committed to returning inflation to its 2 percent objective.,2,0
Recent indicators suggest that economic activity has been expanding at a strong pace and well above earlier expectations.,1,1
You said transitory price increases from tariffs are the base case—transitory is the base case.,1,2
"And, you know, we’ve had price stability for a very long time and maybe come to take it for granted.",2,2
"So I would say: Look, we’re, we’re at 4.2 percent now and it’s been—the unemployment rate has been dropping very quickly.",1,1
This inflation happened relatively recently.,2,2
The Committee decided to keep the target range for the federal funds rate at 0 to 1/4 percent and expects it will be appropriate to maintain this target range until labor market conditions have reached levels consistent with the Committee's assessments of,0,0
So it is certainly possible that the unemployment would go down further.,1,1
"And we have to go back and establish price stability so we can have that kind of labor market, and that’s a labor market where workers are getting wage increases—maybe the workers at the lower end of the spectrum are getting the biggest wage increases, as they were before the pandemic—where participation is high, where there’s lots of job opportunities, where it’s just a really—I mean, the labor market we had before the pandemic was—that’s what we want to get back to.",1,2
"The Committee's assessments will take into account a wide range of information, including readings on labor market conditions, inflation pressures and inflation expectations, and financial and international developments.",2,2
Restoring price stability is essential to achieving maximum employment and stable prices over the longer run.,1,1
"Four of the five longest, or three of the four longest expansions in U.S. history have been really since the high-inflation period.",1,2
"We look at a range of indicators, and it’s a very broad range, you can count to a high number just quickly—",2,2
"And, you know, our job is to deliver inflation back to target, and we will do that.",2,1
"In an episode of one-time price increases as the economy reopens is not the same thing as, and is not likely to lead to, persistently higher year-over-year inflation into the future— inflation at levels that are not consistent with our goal of 2 percent inflation over time.",1,1
"Inflation has risen, largely reflecting transitory factors.",1,1
Inflation has come down a great deal but has been running somewhat above our 2 percent longerrun objective.,0,2
Inflation has moved up and remains somewhat elevated.,1,1
"Monetary policy is not on a preset course, and we will make our decisions on a meeting-bymeeting basis.",2,2
"excluding the volatile food and energy categories, core PCE prices rose 4.4 percent.",1,2
"The Federal Reserve is committed to using its full range of tools to support the U.S. economy in this challenging time, thereby promoting its maximum employment and price stability goals.",0,0
"The pace of the recovery in economic activity and employment has moderated in recent months, with weakness concentrated in the sectors most adversely affected by the pandemic.",0,0
My colleagues and I remain squarely focused on achieving our dual-mandate goals of maximum employment and stable prices for the benefit of the American people.,2,1
"In assessing the appropriate stance of monetary policy, the Committee will continue to monitor the implications of incoming information for the economic outlook.",2,2
The Committee expects to maintain an accommodative stance of monetary policy until these outcomes are achieved.,0,0
"Inflation, we see that story as still broadly on track, and, and I’ll tell you why.",2,2
The Fed’s monetary policy actions are guided by our mandate to promote maximum employment and stable prices for the American people.,2,0
"The Committee's assessments will take into account a wide range of information, including readings on public health, labor market conditions, inflation pressures and inflation expectations, and financial and international developments.",2,2
I will have more to say about today’s monetary policy actions after briefly reviewing economic developments.,2,2
The Committee seeks to achieve maximum employment and inflation at the rate of 2 percent over the longer run.,0,0
The Committee is strongly committed to supporting maximum employment and returning inflation to its 2 percent objective.,0,0
The Committee is attentive to the risks to both sides of its dual mandate and judges that the risks of higher unemployment and higher inflation have risen.,1,1
Highly uncertain,2,2
The Committee is strongly committed to returning inflation to its 2 percent objective.,2,0
"Now, of course, given events around the world and fading fiscal policy effects and higher rates, you could see some slower economic activity.",1,0
"In determining the extent of additional policy firming that may be appropriate to return inflation to 2 percent over time, the Committee will take into account the cumulative tightening of monetary policy, the lags with which monetary policy affects econo",1,1
"Because persistent changes in financial conditions can have implications for the path of monetary policy, we monitor financial developments closely.",2,2
"You know, job creations are, are meaningfully positive; wages are, you know, if anything, a little, still a bit above what would be sustainable if productivity were to revert to its longer-run trend.",2,2
It’s not really reflecting current inflationary pressures,1,2
"At this meeting, the Committee continued its discussions as part of our five-year review of our monetary policy framework.",2,2
"In addition, the Federal Reserve will continue to increase its holdings of Treasury securities by at least $80 billion per month and of agency mortgage√¢¬Ä¬ëbacked securities by at least $40 billion per month until substantial further progress has been ma",0,0
The war and related events are creating additional upward pressure on inflation and are weighing on global economic activity.,0,1
"The unemployment rate has stabilized at a low level in recent months, and labor market conditions remain solid. Inflation remains somewhat elevated.",2,1
"The economic outlook is uncertain, and the Committee remains highly attentive to inflation risks.",2,2
And some of it is just the apparently insatiable demand for data centers all over the United States.,1,2
So the test for beginning our taper is that we’ve achieved substantial further progress toward our goals of [2 percent] inflation and maximum employment.,2,0
"Beyond the next year or so, however, most measures of longer-term expectations remain consistent with our 2 percent inflation goal.",2,2
"In determining the extent to which additional policy firming may be appropriate to return inflation to 2 percent over time, the Committee will take into account the cumulative tightening of monetary policy, the lags with which monetary policy affects econ",1,1
"The economic outlook is uncertain, and the Committee remains highly attentive to inflation risks.",2,2
"Last December, the Committee indicated that it would continue to increase its holdings of Treasury securities by at least $80 billion per month and of agency mortgage√¢¬Ä¬ëbacked securities by at least $40 billion per month until substantial further progr",0,0
The shock that the—from the pandemic was unprecedented both in its nature and in its size and in the amount of unemployment that it created and in the shock to economic activity.,0,2
The Committee is attentive to the risks to both sides of its dual mandate and judges that downside risks to employment rose in recent months.,2,0
"It’ll survey the pace, the reach, the economic impact of new general-purpose technologies, including AI, and explore the implications for the Fed in pursuit of our employment and inflation mandates.",2,2
Our monetary policy actions are guided by our dual mandate to promote maximum employment and stable prices for the American people.,0,0
"With inflation having run persistently below this longer-run goal, the Committee will aim to achieve inflation moderately above 2 percent for some time so that inflation averages 2 percent over time and longer√¢¬Ä¬ëterm inflation expectations remain well ",0,0
The Committee is strongly committed to supporting maximum employment and returning inflation to its 2 percent objective.,0,0
"We are balancing these two goals in a situation where the risks to the labor market are to the downside—which would call for lower rates—and the risks to inflation are to the upside—which would call for higher rates, or not cutting, anyway.",2,1
The Committee anticipates that ongoing increases in the target range will be appropriate in order to attain a stance of monetary policy that is sufficiently restrictive to return inflation to 2 percent over time.,1,0
"The Committee's assessments will take into account a wide range of information, including readings on labor market conditions, inflation pressures and inflation expectations, and financial and international developments.",2,2
"Since early last year, we have raised interest rates by a total of 5 percentage points in order to attain a stance of monetary policy that is sufficiently restrictive to return inflation to 2 percent over time.",1,1
"But you’re right to say we watch that very carefully, and we will not allow inflation expectations to drift upward.",1,2
"And in the meantime, you know, it’s going to be painful for, for people, but the ultimate pain would be a, a period of long, high—a long period of high inflation.",1,1
The Committee would be prepared to adjust the stance of monetary policy as appropriate if risks emerge that could impede the attainment of the Committee's goals.,2,2
The Committee is strongly committed to returning inflation to its 2 percent objective.,2,0
"You’re pricing in, basically by the end of next year, 200 basis points of cuts just to maintain a higher unemployment rate.",0,0
"So the sentence that we deleted said that we believe that appropriate monetary policy, effectively alone, can bring about the result of 2 percent inflation with a strong labor market.",1,2
we assess how our cumulative policy adjustments are affecting the economy and inflation.,2,2
"Inflation remains elevated, reflecting supply and demand imbalances related to the pandemic, higher energy prices, and broader price pressures.",1,1
"The unemployment rate then was 4.2 percent, which is what it is now.",2,2
I’ve devoted more time in my first three weeks to monetary policy than all those things.,2,2
"also from other sources, like the stronger dollar and lower equity prices—could matter for future rate decisions, as long as two conditions are satisfied.",0,2
"Chairman Powell, you, you just alluded to the fact that you’re prepared to use your tools to slow the economy down if need be to—if inflation looks like it’s getting out of control.",0,1
Persistently high prices are a burden for the American people.,1,1
"The Committee's assessments will take into account a wide range of information, including readings on labor market conditions, inflation pressures and inflation expectations, and financial and international developments.",2,2
"And then, as of the Fed’s economic projections in September, you, you had written down four quarter-point interest rate cuts in 2025.",0,2
"As the Committee reiterated in today’s policy statement, with inflation running persistently below 2 percent, we will aim to achieve inflation moderately above 2 percent for some time so that inflation averages 2 percent over time and longer-term inflation expectations remain well anchored at 2 percent.",0,0
"With inflation running persistently below this longer-run goal, the Committee will aim to achieve inflation moderately above 2 percent for some time so that inflation averages 2 percent over time and longer√¢¬Ä¬ëterm inflation expectations remain well anc",0,0
it doesn’t seem like there’s a lot of inflationary pressure left in this economy—and wonder if you could tell us more about that.,1,2
The Committee seeks to achieve maximum employment and inflation at the rate of 2 percent over the longer run.,0,0
"Nonetheless, the process of getting inflation back down to 2 percent has a long way to go.",2,0
The Committee would be prepared to adjust the stance of monetary policy as appropriate if risks emerge that could impede the attainment of the Committee's goals.,2,2
"for inflation to move up in a persistent way that, that really starts to move inflation expectations up, that would have to—that would take some time.",1,1
Price stability is the responsibility of the Federal Reserve.,2,2
"The Federal Reserve is committed to using its full range of tools to support the U.S. economy in this challenging time, thereby promoting its maximum employment and price stability goals.",0,0
The Committee would be prepared to adjust the stance of monetary policy as appropriate if risks emerge that could impede the attainment of the Committee's goals.,2,2
"The Committee's assessments will take into account a wide range of information, including readings on public health, labor market conditions, inflation pressures and inflation expectations, and financial and international developments.",2,2
"The Committee's assessments will take into account a wide range of information, including readings on public health, labor market conditions, inflation pressures and inflation expectations, and financial and international developments.",2,2
The Committee remains highly attentive to inflation risks.,2,2
"Nonetheless, job gains have been robust in recent months, and the unemployment rate has remained low.",1,1
The Committee will continue to assess additional information and its implications for monetary policy.,2,2
"We actually have unemployment really close to longer-run normal, and we have inflation that’s, you know, 1 percentage point above that.",1,2
"But there are—the sectors of the economy that are most interest rate sensitive are certainly showing the effects of our tightening, and, of course, the obvious example is housing, where you see declining activity of all different kinds and house price increases moving down.",1,0
The Committee seeks to achieve maximum employment and inflation at the rate of 2 percent over the longer run.,0,0
"We—inflation has come down really significantly, and we’re doing everything we can to—you know, to bring that inflationary episode fully to a halt and fully restore price stability.",0,1
"I mean, what we see now is basically the very beginnings of whatever the effects turn out to be on goods inflation.",1,2
"Job gains have moderated since earlier in the year but remain strong, and the unemployment rate has remained low.",1,1
"You saw it in the March CPI reading, and you’ll see it later this week in the PCE price data.",2,2
"And those would be—two of those paths would be that we do gain greater confidence, as we’ve said, that inflation is moving sustainably down to 2 percent, and another path could be, you know, an unexpected weakening in the labor market, for example.",0,2
The Committee remains highly attentive to inflation risks.,2,2
"In assessing the appropriate stance of monetary policy, the Committee will continue to monitor the implications of incoming information for the economic outlook.",2,2
"The Federal Reserve has a lot of responsibilities, not just in monetary policy, but in supervision and regulation, consumer affairs, and payments.",2,2
"You mentioned earlier that on inflation, the broad expectation was for a one-time price increase and then for inflation to come down.",0,2
The Committee would be prepared to adjust the stance of monetary policy as appropriate if risks emerge that could impede the attainment of the Committee√¢¬Ä¬ôs goals.,2,2
We’ve seen inflation come down—move back up two or three times since March of 2021.,0,0
"Job gains have slowed, and the unemployment rate has moved up",0,0
And you’ve got a lot of critics who have faulted the Fed for being too slow—2021— with inflation.,2,2
"The Fed’s monetary policy actions are guided by, by our mandate to promote maximum employment and stable prices for the American people.",2,0
"As the economy continues to reopen and spending rebounds, we are seeing upward pressure on prices, particularly because supply bottlenecks in some sectors have limited how quickly production can respond in the near term.",1,1
"But at the same time, getting back to 2 percent inflation is likely to require a return to a more sustainable level, which is somewhat below the current level of increases in the aggregate.",1,0
"So we go into this with a strong labor market and excess demand in the labor market, as you can see through many different things, and also with households who have strong spending power built up.",2,1
The Committee seeks to achieve maximum employment and inflation at the rate of 2 percent over the longer run.,0,0
"Inflation is running well above target, and growth is well above potential.",1,1
"Inflation’s come down to, to now the, you know—the headline inflation number was 2.6 [percent], and that’s what the public experiences.",0,2
"There’s also the possibility—indeed, it’s in some forecasts—that as the economy fully reopens, there’ll be a burst of spending, and—because people will be enthusiastic that the pandemic is over, potentially, and that that could also create some upward pressure on inflation.",1,1
"Generally, it, it propagates through the whole family of asset prices, including interest rates.",2,2
A lot of that is just embedded higher cost due to higher inflation in 2022 and ’23.,1,1
"We’ve been—you know, we, we had seven months of good inflation data at the end of last year.",2,2
"We’re just going to look at bank—we’re going to look at the whole range of, of information, including economic activity, banking activity, the, the success in vaccination.",2,2
"A good part of the slowing in the pace of the job growth over the past year reflects a decline in the growth of the labor force due to lower immigration and labor force participation, though labor demand has clearly softened as well.",2,0
The Committee remains highly attentive to inflation risks.,2,2
Many of your colleagues have said they feel growth is slowing.,0,2
"Today, we decided to leave our policy interest rate unchanged and to continue to reduce our securities holdings.",0,0
"Following a moderation in the pace of the recovery, indicators of economic activity and employment have turned up recently, although the sectors most adversely affected by the pandemic remain weak.",0,0
The Committee expects to maintain an accommodative stance of monetary policy until these outcomes are achieved.,0,0
"Inflation has moderated somewhat since the middle of last year, and longer-term inflation expectations appear to remain well anchored, as reflected in a broad range of surveys of households, businesses, and forecasters, as well as measures from financial markets.",2,2
The Committee would be prepared to adjust the stance of monetary policy as appropriate if risks emerge that could impede the attainment of the Committee's goals.,2,2
"Again, we’re not going to overinterpret two good or two bad readings, but this was not meant to send a signal other than this: You know, you, you can take away from all of this that we remain committed to achieving our 2 percent inflation goal sustainably.",2,2
So the impact of the imported inflation may delay.,2,2
One is that inflation away from tariffs is actually not so far from our 2 percent goal.,2,2
The Committee would be prepared to adjust the stance of monetary policy as appropriate if risks emerge that could impede the attainment of the Committee's goals.,2,2
"So on the supply point—of course, supply is very important over time in, in setting house prices and, and, for that matter, rents.",2,2
"So any, any effects on employment and economic activity in spending would be offset to some extent by the fact that our, our oil companies will be more profitable, and they may even do more drilling.",1,2
"Nonetheless, inflation pressures continue to run high, and the process of getting inflation back down to 2 percent has a long way to go.",1,1
"So we have now experienced an extraordinary series of shocks, if you think about it: the pandemic, the response, the reopening, inflation, followed by the war in Ukraine, followed by shutdowns in China—the war in Ukraine potentially having effects for years here.",2,2
"These measures, along with our strong guidance on interest rates and on our balance sheet, will ensure that monetary policy will continue to support the economy until the recovery is complete.",0,0
Inflation is low.,0,0
"There was a labor shortage, so we could focus entirely on inflation.",2,2
Recent indicators suggest that economic activity has continued to expand at a solid pace.,1,1
"I mean, I recently looked at all of the—both survey- and marketbased short-term inflation expectations have come way down.",0,2
"Inflation remains elevated, reflecting supply and demand imbalances related to the pandemic, higher food and energy prices, and broader price pressures.",1,1
"Fed Governor Chris Waller said that if inflation continues to fall, then the Fed in the next several months could be cutting interest rates.",0,0
"There’s a great deal of literature on the connection between tighter credit conditions, economic activity, hiring, and inflation.",2,2
"Job gains have been robust in recent months, and the unemployment rate has remained low.",1,1
Inflation has eased significantly over the past two years but remains somewhat elevated relative to our 2 percent longer-run goal.,0,1
The Committee would be prepared to adjust the stance of monetary policy as appropriate if risks emerge that could impede the attainment of the Committee's goals.,2,2
"The Committee's assessments will take into account a wide range of information, including readings on labor market conditions, inflation pressures and inflation expectations, and financial and international developments.",2,2
"Headline inflation, of course, has come way down, largely due to lower energy prices, some of which is now reversing.",0,0
"You know, what you hear—and it’s consistent there—which is people are really suffering under high inflation.",1,1
"So we need to focus on price stability particularly, because the labor market is so strong and the economy is so strong.",2,1
The Committee seeks to achieve maximum employment and inflation at the rate of 2 percent over the longer run.,1,0
"Estimates based on the consumer price index indicate that total PCE prices rose 2.9 percent over the 12 months ending in December and that, excluding the volatile food and energy categories, core PCE prices rose 3.0 percent.",1,1
Weaker demand and earlier declines in oil prices have been holding down consumer price inflation.,0,0
The Committee judges that the risks to achieving its employment and inflation goals continue to move into better balance.,2,2
"Job gains have remained low, on average, and the unemployment rate has been little changed in recent months.",2,2
"The Committee's assessments will take into account a wide range of information, including readings on public health, labor market conditions, inflation pressures and inflation expectations, and financial and international developments.",2,2
"The single thing that you would look to is the price of oil, given that we’re talking about the Middle East and Ukraine, and, you know, and—but that, that is a good summary statistic for the kind of thing that could go wrong in, in, with global turmoil.",2,2
I’ll have more to say about monetary policy after briefly reviewing economic developments.,2,2
The price of oil has really not reacted very much so far to this.,2,2
"Tighter financial and credit conditions for households and businesses are likely to weigh on economic activity, hiring, and inflation.",0,1
"The median projection in the SEP for total PCE inflation is 2.9 percent this year and 2.4 percent next year, a bit lower than the median projection in September.",0,2
The Committee remains highly attentive to inflation risks.,2,2
"It’s actually remarkable how well the U.S. economy has been performing with, you know, strong growth, a strong labor market, inflation coming down.",1,1
"Longer-term inflation expectations appear to remain well anchored, as reflected in a broad range of surveys of households, businesses, and forecasters, as well as measures from financial markets.",2,2
"Job gains have been solid in recent months, and the unemployment rate has declined substantially.",1,1
"they experience inflation, and that includes food and energy costs.",1,2
"Right, so the point of the broad and inclusive goal was not to target a particular unemployment rate for any particular group.",2,2
"If the economy does not evolve as projected, the path for policy will adjust as appropriate to foster our maximumemployment and price-stability goals.",0,0
"But, you know, we, we need to see that inflation is durably down that far, you know.",0,1
"I’ll just say, we’ve got—we have to now be looking at both variables and which of them is, is, you know, demanding—if one of them is demanding our focus more than the other, that would tell us what to do with policy.",2,2
"From the perspective of monetary policy, our focus remains squarely on our dual mandate to promote maximum employment and stable prices for the American people.",2,0
The Committee anticipates that ongoing increases in the target range will be appropriate in order to attain a stance of monetary policy that is sufficiently restrictive to return inflation to 2 percent over time.,1,0
The Committee is strongly committed to returning inflation to its 2 percent objective.,2,0
"If you talk to people—again, people who are making, you know, wages, relatively low wages— they’re the ones who are suffering the most from inflation.",1,1
"But it’s a—that’s another case where I think it’s going to be very, very challenging to unpack the inflation that we see over the course of this year and be able to say with confidence how much of that came from inflation and how much of it—sorry, from tariffs—and how much of it didn’t.",1,2
The Committee is strongly committed to returning inflation to its 2 percent objective.,2,0
"What we would expect by now to have seen is that as the—really, as the supply-side problems have resolved themselves, we would have expected goods inflation to come down by now, long since by now.",1,1
"In assessing the appropriate stance of monetary policy, the Committee will continue to monitor the implications of incoming information for the economic outlook.",2,2
Even middle-class people have some resources and can absorb inflation.,2,2
"But the more we deliver on our promises as good supervisors and good regulators, the more benefit we get, the more credibility enhancement we have in monetary policy.",2,2
"In determining the extent of additional policy firming that may be appropriate to return inflation to 2 percent over time, the Committee will take into account the cumulative tightening of monetary policy, the lags with which monetary policy affects econo",0,1
"The Committee's assessments will take into account a wide range of information, including readings on labor market conditions, inflation pressures and inflation expectations, and financial and international developments.",2,2
And I’ll have more to say about monetary policy after briefly reviewing economic developments.,2,2
"As shown in our Summary of Economic Projections (SEP), the median projection for real GDP growth stands at 5.5 percent this year and 4 percent next year.",0,2
Recent indicators suggest that growth of economic activity has moderated.,2,2
"We remain committed to supporting maximum employment, bringing inflation sustainably to our 2 percent goal, and keeping longer-term inflation expectations well anchored.",1,0
"More recently, you have hinted at a possible distinction between the level of maximum employment that’s achievable in the short run versus in the long run.",2,2
"So we like to see market-based, you know, readings of inflation expectations come down.",0,0
And so the best thing we can do is restore inflation to its 2 percent goal—and our policy is intended to do that—,2,2
"The last task force, the one on inflation frameworks, that’ll examine the drivers of inflation, first principles, and weigh the full range of ideas for delivering price stability in a changing economy.",1,2
Restoring price stability is essential to achieve a sustainably strong labor market that benefits all.,1,1
"It does have to do with, with strong demand, and strong demand was supported by the Fed, it was supported by Congress.",0,2
Holding the target range steady at this meeting allows the Committee to assess additional information and its implications for monetary policy.,2,2
"The Committee's assessments will take into account a wide range of information, including readings on public health, labor market conditions, inflation pressures and inflation expectations, and financial and international developments.",2,2
"Chair Powell, you’ve said before that you wouldn’t wait until inflation got to 2 percent to cut rates because of how inflation has lagged.",0,2
Recent indicators suggest that economic activity has been expanding at a moderate pace.,2,2
"But in the end, there should be no doubt that we will do what we need to do to keep inflation under control.",2,1
The Committee is strongly committed to supporting maximum employment and returning inflation to its 2 percent objective.,0,0
"This figure understates the shortfall in employment, particularly as participation in the labor market remains subdued.",0,0
The Committee seeks to achieve maximum employment and inflation at the rate of 2 percent over the longer run.,0,0
"The Committee's assessments will take into account a wide range of information, including readings on public health, labor market conditions, inflation pressures and inflation expectations, and financial and international developments.",2,2
"At the same time, reducing policy restraint too late or too little could unduly weaken economic activity and employment.",0,0
I’ll have more to say about monetary policy after briefly reviewing economic developments.,2,2
"We will, through our tools, make sure that this does not move from being a one-time price increase to serious inflation.",1,1
"You know, that’s a situation where you had a very, very high level of employment and low inflation.",0,0
"I think in terms of the timing and the effects on inflation in the near term, there’s a lot of uncertainty.",2,2
"These projections, of course, are not a Committee decision or plan; if the economy does not evolve as projected, the path of policy will adjust as appropriate to foster our maximum-employment and price-stability goals.",0,2
The Committee would be prepared to adjust the stance of monetary policy as appropriate if risks emerge that could impede the attainment of the Committee's goals.,2,2
"We’ve talked a lot about gasoline prices, and even you mentioned airline ticket prices, both of which are up dramatically because of the war in Iran.",1,1
"So it’s, it has been my view consistently that we do have a shot, and my base case is that we will be able to achieve inflation moving back down to our target without the kind of really significant downturn that results in high levels of job losses that we’ve seen in some past—in some past instances, many past instances of tightening that look like ours.",0,1
"Inflation remains elevated, reflecting supply and demand imbalances related to the pandemic, higher energy prices, and broader price pressures.",0,1
"So price stability is something that really pays dividends for the benefit of the economy and the people in it over a very, very long period of time.",2,2
The Committee decided to keep the target range for the federal funds rate at 0 to 1/4 percent and expects it will be appropriate to maintain this target range until labor market conditions have reached levels consistent with the Committee's assessments of,0,0
Inflation has moved up since earlier in the year and remains somewhat elevated.,1,1
The Committee decided to keep the target range for the federal funds rate at 0 to 1/4 percent and expects it will be appropriate to maintain this target range until labor market conditions have reached levels consistent with the Committee's assessments of,0,0
"In determining the extent of additional policy firming that may be appropriate to return inflation to 2 percent over time, the Committee will take into account the cumulative tightening of monetary policy, the lags with which monetary policy affects econo",1,1
"I would almost say that the, the conditions that we need to see in place to get inflation down are, are coming into place.",0,1
We’re trying to achieve 2 percent inflation consistent with a strong labor market.,1,2
"The other thing he touched on was the idea of removing Reserve Bank presidents from office over different, different views on monetary policy.",2,2
"In assessing the appropriate stance of monetary policy, the Committee will continue to monitor the implications of incoming information for the economic outlook.",2,2
Monetary policy is restrictive.,1,2
"You could point to growth—I mean, actually, maybe—growth as opposed to level, but consumer spending is a much bigger part of the economy.",2,2
"If inflation were at the same time getting worse, you just have a very difficult situation there.",1,1
"In assessing the appropriate stance of monetary policy, the Committee will continue to monitor the implications of incoming information for the economic outlook.",2,2
"The Committee's assessments will take into account a wide range of information, including readings on labor market conditions, inflation pressures and inflation expectations, and financial and international developments.",2,2
There’s catch-up growth that can happen in potential.,2,2
"It’s not one really good employment reading, which is what we got in March.",0,2
"In assessing the appropriate stance of monetary policy, the Committee will continue to monitor the implications of incoming information for the economic outlook.",2,2
Reducing inflation is likely to require a sustained period of below-trend growth and some softening of labor market conditions.,0,0
"The unemployment rate remains low, and labor market conditions remain solid. Inflation remains somewhat elevated.",2,1
"financial conditions generally should move to a more normal level so that—because we know the economy no longer needs, or wants, these very highly accommodative, this stance, which, you know, so it’s time to move to a more normal setting of financial conditions, and we do that by moving monetary policy itself to more normal levels.",1,1
"And, you know, it tells a story of inflation expectations moving up.",1,1
"In assessing the appropriate stance of monetary policy, the Committee will continue to monitor the implications of incoming information for the economic outlook.",2,2
"And we take it to heart because our job is—one of our jobs is price stability, and so the best thing we can do for people who are feeling that squeeze is to keep inflation under control and, frankly, to finish the job of getting inflation back down to 2 percent.",1,1
"Now, as, as vaccinations rise, we can nonetheless get back to our economic activity.",2,2
"it stops going up, if you will, prices stop going up, they’ll just be at that level.",2,2
"In support of our goals, today the Federal Open Market Committee decided to leave our policy interest rate unchanged and to continue to reduce our securities holdings.",0,0
