date,url,error
2018-01-02-recent-trends-in-small-business-lending-and-the-community-re,https://www.federalreserve.gov/econres/notes/feds-notes/recent-trends-in-small-business-lending-and-the-community-reinvestment-act-20180102.html,"ConnectionError: HTTPSConnectionPool(host='www.federalreserve.gov', port=443): Max retries exceeded with url: /econres/notes/feds-notes/recent-trends-in-small-business-lending-and-the-community-reinvestment-act-20180102.html (Caused by NameResolutionError(""HTTPSConnection(host='www.federalreserve.gov', port=443): Failed to resolve 'www.federalreserve.gov' ([Errno 8] nodename nor servname provided, or not known)""))"
2018-01-09-do-national-account-statistics-underestimate-us-real-output,https://www.federalreserve.gov/econres/notes/feds-notes/do-national-account-statistics-underestimate-us-real-output-growth-20180109.html,"ConnectionError: HTTPSConnectionPool(host='www.federalreserve.gov', port=443): Max retries exceeded with url: /econres/notes/feds-notes/do-national-account-statistics-underestimate-us-real-output-growth-20180109.html (Caused by NameResolutionError(""HTTPSConnection(host='www.federalreserve.gov', port=443): Failed to resolve 'www.federalreserve.gov' ([Errno 8] nodename nor servname provided, or not known)""))"
2018-01-09-fiscal-implications-of-the-federal-reserve-balance-sheet-nor,https://www.federalreserve.gov/econres/notes/feds-notes/fiscal-implications-of-the-federal-reserve-balance-sheet-normalization-20180109.html,"ConnectionError: HTTPSConnectionPool(host='www.federalreserve.gov', port=443): Max retries exceeded with url: /econres/notes/feds-notes/fiscal-implications-of-the-federal-reserve-balance-sheet-normalization-20180109.html (Caused by NameResolutionError(""HTTPSConnection(host='www.federalreserve.gov', port=443): Failed to resolve 'www.federalreserve.gov' ([Errno 8] nodename nor servname provided, or not known)""))"
2018-01-09-household-debt-to-income-ratios-in-the-enhanced-financial-ac,https://www.federalreserve.gov/econres/notes/feds-notes/household-debt-to-income-ratios-in-the-enhanced-financial-accounts-20180109.html,"ConnectionError: HTTPSConnectionPool(host='www.federalreserve.gov', port=443): Max retries exceeded with url: /econres/notes/feds-notes/household-debt-to-income-ratios-in-the-enhanced-financial-accounts-20180109.html (Caused by NameResolutionError(""HTTPSConnection(host='www.federalreserve.gov', port=443): Failed to resolve 'www.federalreserve.gov' ([Errno 8] nodename nor servname provided, or not known)""))"
2018-01-12-looking-through-the-lens-of-motor-vehicle-purchases,https://www.federalreserve.gov/econres/notes/feds-notes/looking-through-the-lens-of-motor-vehicle-purchases-20180112.html,"ConnectionError: HTTPSConnectionPool(host='www.federalreserve.gov', port=443): Max retries exceeded with url: /econres/notes/feds-notes/looking-through-the-lens-of-motor-vehicle-purchases-20180112.html (Caused by NameResolutionError(""HTTPSConnection(host='www.federalreserve.gov', port=443): Failed to resolve 'www.federalreserve.gov' ([Errno 8] nodename nor servname provided, or not known)""))"
2018-02-21-student-loan-debt-and-aggregate-consumption-growth,https://www.federalreserve.gov/econres/notes/feds-notes/student-loan-debt-and-aggregate-consumption-growth-20180221.html,"ConnectionError: HTTPSConnectionPool(host='www.federalreserve.gov', port=443): Max retries exceeded with url: /econres/notes/feds-notes/student-loan-debt-and-aggregate-consumption-growth-20180221.html (Caused by NameResolutionError(""HTTPSConnection(host='www.federalreserve.gov', port=443): Failed to resolve 'www.federalreserve.gov' ([Errno 8] nodename nor servname provided, or not known)""))"
2018-03-01-interest-on-reserves-and-arbitrage-in-post-crisis-money-mark,https://www.federalreserve.gov/econres/notes/feds-notes/interest-on-reserves-and-arbitrage-in-post-crisis-money-markets-20180301.html,"ConnectionError: HTTPSConnectionPool(host='www.federalreserve.gov', port=443): Max retries exceeded with url: /econres/notes/feds-notes/interest-on-reserves-and-arbitrage-in-post-crisis-money-markets-20180301.html (Caused by NameResolutionError(""HTTPSConnection(host='www.federalreserve.gov', port=443): Failed to resolve 'www.federalreserve.gov' ([Errno 8] nodename nor servname provided, or not known)""))"
2018-03-01-predicting-recession-probabilities-using-the-slope-of-the-yi,https://www.federalreserve.gov/econres/notes/feds-notes/predicting-recession-probabilities-using-the-slope-of-the-yield-curve-20180301.html,"ConnectionError: HTTPSConnectionPool(host='www.federalreserve.gov', port=443): Max retries exceeded with url: /econres/notes/feds-notes/predicting-recession-probabilities-using-the-slope-of-the-yield-curve-20180301.html (Caused by NameResolutionError(""HTTPSConnection(host='www.federalreserve.gov', port=443): Failed to resolve 'www.federalreserve.gov' ([Errno 8] nodename nor servname provided, or not known)""))"
2018-03-01-some-characteristics-of-the-decline-in-manufacturing-capacit,https://www.federalreserve.gov/econres/notes/feds-notes/some-characteristics-of-the-decline-in-manufacturing-capacity-utilization-20180301.html,"ConnectionError: HTTPSConnectionPool(host='www.federalreserve.gov', port=443): Max retries exceeded with url: /econres/notes/feds-notes/some-characteristics-of-the-decline-in-manufacturing-capacity-utilization-20180301.html (Caused by NameResolutionError(""HTTPSConnection(host='www.federalreserve.gov', port=443): Failed to resolve 'www.federalreserve.gov' ([Errno 8] nodename nor servname provided, or not known)""))"
