date,url,clean_path,status
2021-03-17,https://www.federalreserve.gov/monetarypolicy/fomcprojtabl20210317.htm,clean/fomc-projections/2021/2021-03-17-proj.txt,ok
2021-06-16,https://www.federalreserve.gov/monetarypolicy/fomcprojtabl20210616.htm,clean/fomc-projections/2021/2021-06-16-proj.txt,ok
2021-09-22,https://www.federalreserve.gov/monetarypolicy/fomcprojtabl20210922.htm,clean/fomc-projections/2021/2021-09-22-proj.txt,ok
2021-12-15,https://www.federalreserve.gov/monetarypolicy/fomcprojtabl20211215.htm,clean/fomc-projections/2021/2021-12-15-proj.txt,ok
2022-03-16,https://www.federalreserve.gov/monetarypolicy/fomcprojtable20220316.htm,clean/fomc-projections/2022/2022-03-16-proj.txt,ok
2022-06-15,https://www.federalreserve.gov/monetarypolicy/fomcprojtabl20220615.htm,clean/fomc-projections/2022/2022-06-15-proj.txt,ok
2022-09-21,https://www.federalreserve.gov/monetarypolicy/fomcprojtabl20220921.htm,clean/fomc-projections/2022/2022-09-21-proj.txt,ok
2022-12-14,https://www.federalreserve.gov/monetarypolicy/fomcprojtabl20221214.htm,clean/fomc-projections/2022/2022-12-14-proj.txt,ok
2023-03-22,https://www.federalreserve.gov/monetarypolicy/fomcprojtabl20230322.htm,clean/fomc-projections/2023/2023-03-22-proj.txt,ok
2023-06-14,https://www.federalreserve.gov/monetarypolicy/fomcprojtabl20230614.htm,clean/fomc-projections/2023/2023-06-14-proj.txt,ok
2023-09-20,https://www.federalreserve.gov/monetarypolicy/fomcprojtabl20230920.htm,clean/fomc-projections/2023/2023-09-20-proj.txt,ok
2023-12-13,https://www.federalreserve.gov/monetarypolicy/fomcprojtabl20231213.htm,clean/fomc-projections/2023/2023-12-13-proj.txt,ok
2024-03-20,https://www.federalreserve.gov/monetarypolicy/fomcprojtabl20240320.htm,clean/fomc-projections/2024/2024-03-20-proj.txt,ok
2024-06-12,https://www.federalreserve.gov/monetarypolicy/fomcprojtabl20240612.htm,clean/fomc-projections/2024/2024-06-12-proj.txt,ok
2024-09-18,https://www.federalreserve.gov/monetarypolicy/fomcprojtabl20240918.htm,clean/fomc-projections/2024/2024-09-18-proj.txt,ok
2024-12-18,https://www.federalreserve.gov/monetarypolicy/fomcprojtabl20241218.htm,clean/fomc-projections/2024/2024-12-18-proj.txt,ok
2025-03-19,https://www.federalreserve.gov/monetarypolicy/fomcprojtabl20250319.htm,clean/fomc-projections/2025/2025-03-19-proj.txt,ok
2025-06-18,https://www.federalreserve.gov/monetarypolicy/fomcprojtabl20250618.htm,clean/fomc-projections/2025/2025-06-18-proj.txt,ok
2025-09-17,https://www.federalreserve.gov/monetarypolicy/fomcprojtabl20250917.htm,clean/fomc-projections/2025/2025-09-17-proj.txt,ok
2025-12-10,https://www.federalreserve.gov/monetarypolicy/fomcprojtabl20251210.htm,clean/fomc-projections/2025/2025-12-10-proj.txt,ok
2026-03-18,https://www.federalreserve.gov/monetarypolicy/fomcprojtabl20260318.htm,clean/fomc-projections/2026/2026-03-18-proj.txt,ok
2026-06-17,https://www.federalreserve.gov/monetarypolicy/fomcprojtabl20260617.htm,clean/fomc-projections/2026/2026-06-17-proj.txt,ok
