date_or_url,error
2011-05 https://www.ecb.europa.eu/pub/pdf/fsr/financialstabilityreview201105en.pdf,HTTPError: 404 Client Error: Not Found for url: https://www.ecb.europa.eu/pub/pdf/fsr/financialstabilityreview201105en.pdf
2011-11 https://www.ecb.europa.eu/pub/pdf/fsr/financialstabilityreview201111en.pdf,HTTPError: 404 Client Error: Not Found for url: https://www.ecb.europa.eu/pub/pdf/fsr/financialstabilityreview201111en.pdf
2012-05 https://www.ecb.europa.eu/pub/pdf/fsr/financialstabilityreview201205en.pdf,HTTPError: 404 Client Error: Not Found for url: https://www.ecb.europa.eu/pub/pdf/fsr/financialstabilityreview201205en.pdf
2012-11 https://www.ecb.europa.eu/pub/pdf/fsr/financialstabilityreview201211en.pdf,HTTPError: 404 Client Error: Not Found for url: https://www.ecb.europa.eu/pub/pdf/fsr/financialstabilityreview201211en.pdf
2014-11 https://www.ecb.europa.eu/pub/pdf/fsr/financialstabilityreview201411en.pdf,HTTPError: 404 Client Error: Not Found for url: https://www.ecb.europa.eu/pub/pdf/fsr/financialstabilityreview201411en.pdf
2015-05 https://www.ecb.europa.eu/pub/pdf/fsr/financialstabilityreview201505en.pdf,HTTPError: 404 Client Error: Not Found for url: https://www.ecb.europa.eu/pub/pdf/fsr/financialstabilityreview201505en.pdf
2015-11 https://www.ecb.europa.eu/pub/pdf/fsr/financialstabilityreview201511en.pdf,HTTPError: 404 Client Error: Not Found for url: https://www.ecb.europa.eu/pub/pdf/fsr/financialstabilityreview201511en.pdf
2016-05 https://www.ecb.europa.eu/pub/pdf/fsr/financialstabilityreview201605en.pdf,HTTPError: 404 Client Error: Not Found for url: https://www.ecb.europa.eu/pub/pdf/fsr/financialstabilityreview201605en.pdf
2016-11 https://www.ecb.europa.eu/pub/pdf/fsr/financialstabilityreview201611en.pdf,HTTPError: 404 Client Error: Not Found for url: https://www.ecb.europa.eu/pub/pdf/fsr/financialstabilityreview201611en.pdf
2017-05 https://www.ecb.europa.eu/pub/pdf/fsr/financialstabilityreview201705en.pdf,HTTPError: 404 Client Error: Not Found for url: https://www.ecb.europa.eu/pub/pdf/fsr/financialstabilityreview201705en.pdf
2017-11 https://www.ecb.europa.eu/pub/pdf/fsr/financialstabilityreview201711en.pdf,HTTPError: 404 Client Error: Not Found for url: https://www.ecb.europa.eu/pub/pdf/fsr/financialstabilityreview201711en.pdf
