date,clean_path,status
1999-01,clean/monthly-bulletin/1999/1999-01-mb.txt,ok
1999-02,clean/monthly-bulletin/1999/1999-02-mb.txt,ok
1999-03,clean/monthly-bulletin/1999/1999-03-mb.txt,ok
1999-04,clean/monthly-bulletin/1999/1999-04-mb.txt,ok
1999-05,clean/monthly-bulletin/1999/1999-05-mb.txt,ok
1999-06,clean/monthly-bulletin/1999/1999-06-mb.txt,ok
1999-07,clean/monthly-bulletin/1999/1999-07-mb.txt,ok
1999-08,clean/monthly-bulletin/1999/1999-08-mb.txt,ok
1999-09,clean/monthly-bulletin/1999/1999-09-mb.txt,ok
1999-10,clean/monthly-bulletin/1999/1999-10-mb.txt,ok
1999-11,clean/monthly-bulletin/1999/1999-11-mb.txt,ok
1999-12,clean/monthly-bulletin/1999/1999-12-mb.txt,ok
2000-01,clean/monthly-bulletin/2000/2000-01-mb.txt,ok
2000-02,clean/monthly-bulletin/2000/2000-02-mb.txt,ok
2000-03,clean/monthly-bulletin/2000/2000-03-mb.txt,ok
2000-04,clean/monthly-bulletin/2000/2000-04-mb.txt,ok
2000-05,clean/monthly-bulletin/2000/2000-05-mb.txt,ok
2000-06,clean/monthly-bulletin/2000/2000-06-mb.txt,ok
2000-07,clean/monthly-bulletin/2000/2000-07-mb.txt,ok
2000-08,clean/monthly-bulletin/2000/2000-08-mb.txt,ok
2000-09,clean/monthly-bulletin/2000/2000-09-mb.txt,ok
2000-10,clean/monthly-bulletin/2000/2000-10-mb.txt,ok
2000-11,clean/monthly-bulletin/2000/2000-11-mb.txt,ok
2000-12,clean/monthly-bulletin/2000/2000-12-mb.txt,ok
2001-01,clean/monthly-bulletin/2001/2001-01-mb.txt,ok
2001-02,clean/monthly-bulletin/2001/2001-02-mb.txt,ok
2001-03,clean/monthly-bulletin/2001/2001-03-mb.txt,ok
2001-04,clean/monthly-bulletin/2001/2001-04-mb.txt,ok
2001-05,clean/monthly-bulletin/2001/2001-05-mb.txt,ok
2001-06,clean/monthly-bulletin/2001/2001-06-mb.txt,ok
2001-07,clean/monthly-bulletin/2001/2001-07-mb.txt,ok
2001-08,clean/monthly-bulletin/2001/2001-08-mb.txt,ok
2001-09,clean/monthly-bulletin/2001/2001-09-mb.txt,ok
2001-10,clean/monthly-bulletin/2001/2001-10-mb.txt,ok
2001-11,clean/monthly-bulletin/2001/2001-11-mb.txt,ok
2001-12,clean/monthly-bulletin/2001/2001-12-mb.txt,ok
2002-01,clean/monthly-bulletin/2002/2002-01-mb.txt,ok
2002-02,clean/monthly-bulletin/2002/2002-02-mb.txt,ok
2002-03,clean/monthly-bulletin/2002/2002-03-mb.txt,ok
2002-04,clean/monthly-bulletin/2002/2002-04-mb.txt,ok
2002-05,clean/monthly-bulletin/2002/2002-05-mb.txt,ok
2002-06,clean/monthly-bulletin/2002/2002-06-mb.txt,ok
2002-07,clean/monthly-bulletin/2002/2002-07-mb.txt,ok
2002-08,clean/monthly-bulletin/2002/2002-08-mb.txt,ok
2002-09,clean/monthly-bulletin/2002/2002-09-mb.txt,ok
2002-10,clean/monthly-bulletin/2002/2002-10-mb.txt,ok
2002-11,clean/monthly-bulletin/2002/2002-11-mb.txt,ok
2002-12,clean/monthly-bulletin/2002/2002-12-mb.txt,ok
2003-01,clean/monthly-bulletin/2003/2003-01-mb.txt,ok
2003-02,clean/monthly-bulletin/2003/2003-02-mb.txt,ok
2003-03,clean/monthly-bulletin/2003/2003-03-mb.txt,ok
2003-04,clean/monthly-bulletin/2003/2003-04-mb.txt,ok
2003-05,clean/monthly-bulletin/2003/2003-05-mb.txt,ok
2003-06,clean/monthly-bulletin/2003/2003-06-mb.txt,ok
2003-07,clean/monthly-bulletin/2003/2003-07-mb.txt,ok
2003-08,clean/monthly-bulletin/2003/2003-08-mb.txt,ok
2003-09,clean/monthly-bulletin/2003/2003-09-mb.txt,ok
2003-10,clean/monthly-bulletin/2003/2003-10-mb.txt,ok
2003-11,clean/monthly-bulletin/2003/2003-11-mb.txt,ok
2003-12,clean/monthly-bulletin/2003/2003-12-mb.txt,ok
2004-01,clean/monthly-bulletin/2004/2004-01-mb.txt,ok
2004-02,clean/monthly-bulletin/2004/2004-02-mb.txt,ok
2004-03,clean/monthly-bulletin/2004/2004-03-mb.txt,ok
2004-04,clean/monthly-bulletin/2004/2004-04-mb.txt,ok
2004-05,clean/monthly-bulletin/2004/2004-05-mb.txt,ok
2004-06,clean/monthly-bulletin/2004/2004-06-mb.txt,ok
2004-07,clean/monthly-bulletin/2004/2004-07-mb.txt,ok
2004-08,clean/monthly-bulletin/2004/2004-08-mb.txt,ok
2004-09,clean/monthly-bulletin/2004/2004-09-mb.txt,ok
2004-10,clean/monthly-bulletin/2004/2004-10-mb.txt,ok
2004-11,clean/monthly-bulletin/2004/2004-11-mb.txt,ok
2004-12,clean/monthly-bulletin/2004/2004-12-mb.txt,ok
2005-01,clean/monthly-bulletin/2005/2005-01-mb.txt,ok
2005-02,clean/monthly-bulletin/2005/2005-02-mb.txt,ok
2005-03,clean/monthly-bulletin/2005/2005-03-mb.txt,ok
2005-04,clean/monthly-bulletin/2005/2005-04-mb.txt,ok
2005-05,clean/monthly-bulletin/2005/2005-05-mb.txt,ok
2005-06,clean/monthly-bulletin/2005/2005-06-mb.txt,ok
2005-07,clean/monthly-bulletin/2005/2005-07-mb.txt,ok
2005-08,clean/monthly-bulletin/2005/2005-08-mb.txt,ok
2005-09,clean/monthly-bulletin/2005/2005-09-mb.txt,ok
2005-10,clean/monthly-bulletin/2005/2005-10-mb.txt,ok
2005-11,clean/monthly-bulletin/2005/2005-11-mb.txt,ok
2005-12,clean/monthly-bulletin/2005/2005-12-mb.txt,ok
2006-01,clean/monthly-bulletin/2006/2006-01-mb.txt,ok
2006-02,clean/monthly-bulletin/2006/2006-02-mb.txt,ok
2006-03,clean/monthly-bulletin/2006/2006-03-mb.txt,ok
2006-04,clean/monthly-bulletin/2006/2006-04-mb.txt,ok
2006-05,clean/monthly-bulletin/2006/2006-05-mb.txt,ok
2006-06,clean/monthly-bulletin/2006/2006-06-mb.txt,ok
2006-07,clean/monthly-bulletin/2006/2006-07-mb.txt,ok
2006-08,clean/monthly-bulletin/2006/2006-08-mb.txt,ok
2006-09,clean/monthly-bulletin/2006/2006-09-mb.txt,ok
2006-10,clean/monthly-bulletin/2006/2006-10-mb.txt,ok
2006-11,clean/monthly-bulletin/2006/2006-11-mb.txt,ok
2006-12,clean/monthly-bulletin/2006/2006-12-mb.txt,ok
2007-01,clean/monthly-bulletin/2007/2007-01-mb.txt,ok
2007-02,clean/monthly-bulletin/2007/2007-02-mb.txt,ok
2007-03,clean/monthly-bulletin/2007/2007-03-mb.txt,ok
2007-04,clean/monthly-bulletin/2007/2007-04-mb.txt,ok
2007-05,clean/monthly-bulletin/2007/2007-05-mb.txt,ok
2007-06,clean/monthly-bulletin/2007/2007-06-mb.txt,ok
2007-07,clean/monthly-bulletin/2007/2007-07-mb.txt,ok
2007-08,clean/monthly-bulletin/2007/2007-08-mb.txt,ok
2007-09,clean/monthly-bulletin/2007/2007-09-mb.txt,ok
2007-10,clean/monthly-bulletin/2007/2007-10-mb.txt,ok
2007-11,clean/monthly-bulletin/2007/2007-11-mb.txt,ok
2007-12,clean/monthly-bulletin/2007/2007-12-mb.txt,ok
2008-01,clean/monthly-bulletin/2008/2008-01-mb.txt,ok
2008-02,clean/monthly-bulletin/2008/2008-02-mb.txt,ok
2008-03,clean/monthly-bulletin/2008/2008-03-mb.txt,ok
2008-04,clean/monthly-bulletin/2008/2008-04-mb.txt,ok
2008-05,clean/monthly-bulletin/2008/2008-05-mb.txt,ok
2008-06,clean/monthly-bulletin/2008/2008-06-mb.txt,ok
2008-07,clean/monthly-bulletin/2008/2008-07-mb.txt,ok
2008-08,clean/monthly-bulletin/2008/2008-08-mb.txt,ok
2008-09,clean/monthly-bulletin/2008/2008-09-mb.txt,ok
2008-10,clean/monthly-bulletin/2008/2008-10-mb.txt,ok
2008-11,clean/monthly-bulletin/2008/2008-11-mb.txt,ok
2008-12,clean/monthly-bulletin/2008/2008-12-mb.txt,ok
2009-01,clean/monthly-bulletin/2009/2009-01-mb.txt,ok
2009-02,clean/monthly-bulletin/2009/2009-02-mb.txt,ok
2009-03,clean/monthly-bulletin/2009/2009-03-mb.txt,ok
2009-04,clean/monthly-bulletin/2009/2009-04-mb.txt,ok
2009-05,clean/monthly-bulletin/2009/2009-05-mb.txt,ok
2009-06,clean/monthly-bulletin/2009/2009-06-mb.txt,ok
2009-07,clean/monthly-bulletin/2009/2009-07-mb.txt,ok
2009-08,clean/monthly-bulletin/2009/2009-08-mb.txt,ok
2009-09,clean/monthly-bulletin/2009/2009-09-mb.txt,ok
2009-10,clean/monthly-bulletin/2009/2009-10-mb.txt,ok
2009-11,clean/monthly-bulletin/2009/2009-11-mb.txt,ok
2009-12,clean/monthly-bulletin/2009/2009-12-mb.txt,ok
2010-01,clean/monthly-bulletin/2010/2010-01-mb.txt,ok
2010-02,clean/monthly-bulletin/2010/2010-02-mb.txt,ok
2010-03,clean/monthly-bulletin/2010/2010-03-mb.txt,ok
2010-04,clean/monthly-bulletin/2010/2010-04-mb.txt,ok
2010-05,clean/monthly-bulletin/2010/2010-05-mb.txt,ok
2010-06,clean/monthly-bulletin/2010/2010-06-mb.txt,ok
2010-07,clean/monthly-bulletin/2010/2010-07-mb.txt,ok
2010-08,clean/monthly-bulletin/2010/2010-08-mb.txt,ok
2010-09,clean/monthly-bulletin/2010/2010-09-mb.txt,ok
2010-10,clean/monthly-bulletin/2010/2010-10-mb.txt,ok
2010-11,clean/monthly-bulletin/2010/2010-11-mb.txt,ok
2010-12,clean/monthly-bulletin/2010/2010-12-mb.txt,ok
2011-01,clean/monthly-bulletin/2011/2011-01-mb.txt,ok
2011-02,clean/monthly-bulletin/2011/2011-02-mb.txt,ok
2011-03,clean/monthly-bulletin/2011/2011-03-mb.txt,ok
2011-04,clean/monthly-bulletin/2011/2011-04-mb.txt,ok
2011-05,clean/monthly-bulletin/2011/2011-05-mb.txt,ok
2011-06,clean/monthly-bulletin/2011/2011-06-mb.txt,ok
2011-07,clean/monthly-bulletin/2011/2011-07-mb.txt,ok
2011-08,clean/monthly-bulletin/2011/2011-08-mb.txt,ok
2011-09,clean/monthly-bulletin/2011/2011-09-mb.txt,ok
2011-10,clean/monthly-bulletin/2011/2011-10-mb.txt,ok
2011-11,clean/monthly-bulletin/2011/2011-11-mb.txt,ok
2011-12,clean/monthly-bulletin/2011/2011-12-mb.txt,ok
2012-01,clean/monthly-bulletin/2012/2012-01-mb.txt,ok
2012-02,clean/monthly-bulletin/2012/2012-02-mb.txt,ok
2012-03,clean/monthly-bulletin/2012/2012-03-mb.txt,ok
2012-04,clean/monthly-bulletin/2012/2012-04-mb.txt,ok
2012-05,clean/monthly-bulletin/2012/2012-05-mb.txt,ok
2012-06,clean/monthly-bulletin/2012/2012-06-mb.txt,ok
2012-07,clean/monthly-bulletin/2012/2012-07-mb.txt,ok
2012-08,clean/monthly-bulletin/2012/2012-08-mb.txt,ok
2012-09,clean/monthly-bulletin/2012/2012-09-mb.txt,ok
2012-10,clean/monthly-bulletin/2012/2012-10-mb.txt,ok
2012-11,clean/monthly-bulletin/2012/2012-11-mb.txt,ok
2012-12,clean/monthly-bulletin/2012/2012-12-mb.txt,ok
2013-01,clean/monthly-bulletin/2013/2013-01-mb.txt,ok
2013-02,clean/monthly-bulletin/2013/2013-02-mb.txt,ok
2013-03,clean/monthly-bulletin/2013/2013-03-mb.txt,ok
2013-04,clean/monthly-bulletin/2013/2013-04-mb.txt,ok
2013-05,clean/monthly-bulletin/2013/2013-05-mb.txt,ok
2013-06,clean/monthly-bulletin/2013/2013-06-mb.txt,ok
2013-07,clean/monthly-bulletin/2013/2013-07-mb.txt,ok
2013-08,clean/monthly-bulletin/2013/2013-08-mb.txt,ok
2013-09,clean/monthly-bulletin/2013/2013-09-mb.txt,ok
2013-10,clean/monthly-bulletin/2013/2013-10-mb.txt,ok
2013-11,clean/monthly-bulletin/2013/2013-11-mb.txt,ok
2013-12,clean/monthly-bulletin/2013/2013-12-mb.txt,ok
2014-01,clean/monthly-bulletin/2014/2014-01-mb.txt,ok
2014-02,clean/monthly-bulletin/2014/2014-02-mb.txt,ok
2014-03,clean/monthly-bulletin/2014/2014-03-mb.txt,ok
2014-04,clean/monthly-bulletin/2014/2014-04-mb.txt,ok
2014-05,clean/monthly-bulletin/2014/2014-05-mb.txt,ok
2014-06,clean/monthly-bulletin/2014/2014-06-mb.txt,ok
2014-07,clean/monthly-bulletin/2014/2014-07-mb.txt,ok
2014-08,clean/monthly-bulletin/2014/2014-08-mb.txt,ok
2014-09,clean/monthly-bulletin/2014/2014-09-mb.txt,ok
2014-10,clean/monthly-bulletin/2014/2014-10-mb.txt,ok
2014-11,clean/monthly-bulletin/2014/2014-11-mb.txt,ok
2014-12,clean/monthly-bulletin/2014/2014-12-mb.txt,ok
