train_institution,eval_institution,model,true,pred,count,row_pct
ECB,ECB,deberta-v3,dovish,dovish,292,0.5561904761904762
ECB,ECB,deberta-v3,dovish,hawkish,74,0.14095238095238094
ECB,ECB,deberta-v3,dovish,neutral,159,0.3028571428571429
ECB,ECB,deberta-v3,hawkish,dovish,322,0.4633093525179856
ECB,ECB,deberta-v3,hawkish,hawkish,149,0.2143884892086331
ECB,ECB,deberta-v3,hawkish,neutral,224,0.32230215827338127
ECB,ECB,deberta-v3,neutral,dovish,214,0.26583850931677017
ECB,ECB,deberta-v3,neutral,hawkish,61,0.07577639751552795
ECB,ECB,deberta-v3,neutral,neutral,530,0.6583850931677019
ECB,ECB,finbert,dovish,dovish,358,0.6819047619047619
ECB,ECB,finbert,dovish,hawkish,95,0.18095238095238095
ECB,ECB,finbert,dovish,neutral,72,0.13714285714285715
ECB,ECB,finbert,hawkish,dovish,186,0.26762589928057556
ECB,ECB,finbert,hawkish,hawkish,392,0.5640287769784172
ECB,ECB,finbert,hawkish,neutral,117,0.1683453237410072
ECB,ECB,finbert,neutral,dovish,161,0.2
ECB,ECB,finbert,neutral,hawkish,156,0.1937888198757764
ECB,ECB,finbert,neutral,neutral,488,0.6062111801242236
ECB,ECB,finbert-tone,dovish,dovish,366,0.6971428571428572
ECB,ECB,finbert-tone,dovish,hawkish,75,0.14285714285714285
ECB,ECB,finbert-tone,dovish,neutral,84,0.16
ECB,ECB,finbert-tone,hawkish,dovish,245,0.35251798561151076
ECB,ECB,finbert-tone,hawkish,hawkish,312,0.4489208633093525
ECB,ECB,finbert-tone,hawkish,neutral,138,0.1985611510791367
ECB,ECB,finbert-tone,neutral,dovish,106,0.13167701863354037
ECB,ECB,finbert-tone,neutral,hawkish,84,0.10434782608695652
ECB,ECB,finbert-tone,neutral,neutral,615,0.7639751552795031
ECB,ECB,roberta-base,dovish,dovish,418,0.7961904761904762
ECB,ECB,roberta-base,dovish,hawkish,56,0.10666666666666667
ECB,ECB,roberta-base,dovish,neutral,51,0.09714285714285714
ECB,ECB,roberta-base,hawkish,dovish,221,0.31798561151079136
ECB,ECB,roberta-base,hawkish,hawkish,380,0.5467625899280576
ECB,ECB,roberta-base,hawkish,neutral,94,0.13525179856115108
ECB,ECB,roberta-base,neutral,dovish,193,0.23975155279503105
ECB,ECB,roberta-base,neutral,hawkish,120,0.14906832298136646
ECB,ECB,roberta-base,neutral,neutral,492,0.6111801242236025
ECB,ECB,roberta-dapt,dovish,dovish,416,0.7923809523809524
ECB,ECB,roberta-dapt,dovish,hawkish,65,0.12380952380952381
ECB,ECB,roberta-dapt,dovish,neutral,44,0.0838095238095238
ECB,ECB,roberta-dapt,hawkish,dovish,202,0.2906474820143885
ECB,ECB,roberta-dapt,hawkish,hawkish,417,0.6
ECB,ECB,roberta-dapt,hawkish,neutral,76,0.1093525179856115
ECB,ECB,roberta-dapt,neutral,dovish,195,0.2422360248447205
ECB,ECB,roberta-dapt,neutral,hawkish,140,0.17391304347826086
ECB,ECB,roberta-dapt,neutral,neutral,470,0.5838509316770186
ECB,ECB,roberta-large,dovish,dovish,388,0.7390476190476191
ECB,ECB,roberta-large,dovish,hawkish,69,0.13142857142857142
ECB,ECB,roberta-large,dovish,neutral,68,0.1295238095238095
ECB,ECB,roberta-large,hawkish,dovish,178,0.25611510791366904
ECB,ECB,roberta-large,hawkish,hawkish,415,0.5971223021582733
ECB,ECB,roberta-large,hawkish,neutral,102,0.14676258992805755
ECB,ECB,roberta-large,neutral,dovish,134,0.16645962732919253
ECB,ECB,roberta-large,neutral,hawkish,98,0.12173913043478261
ECB,ECB,roberta-large,neutral,neutral,573,0.7118012422360248
ECB,ECB,roberta-large-dapt,dovish,dovish,399,0.76
ECB,ECB,roberta-large-dapt,dovish,hawkish,59,0.11238095238095239
ECB,ECB,roberta-large-dapt,dovish,neutral,67,0.12761904761904763
ECB,ECB,roberta-large-dapt,hawkish,dovish,177,0.25467625899280577
ECB,ECB,roberta-large-dapt,hawkish,hawkish,421,0.6057553956834533
ECB,ECB,roberta-large-dapt,hawkish,neutral,97,0.13956834532374102
ECB,ECB,roberta-large-dapt,neutral,dovish,129,0.16024844720496895
ECB,ECB,roberta-large-dapt,neutral,hawkish,107,0.13291925465838508
ECB,ECB,roberta-large-dapt,neutral,neutral,569,0.7068322981366459
ECB,FED,deberta-v3,dovish,dovish,214,0.4115384615384615
ECB,FED,deberta-v3,dovish,hawkish,49,0.09423076923076923
ECB,FED,deberta-v3,dovish,neutral,257,0.49423076923076925
ECB,FED,deberta-v3,hawkish,dovish,216,0.38571428571428573
ECB,FED,deberta-v3,hawkish,hawkish,77,0.1375
ECB,FED,deberta-v3,hawkish,neutral,267,0.4767857142857143
ECB,FED,deberta-v3,neutral,dovish,192,0.20104712041884817
ECB,FED,deberta-v3,neutral,hawkish,40,0.041884816753926704
ECB,FED,deberta-v3,neutral,neutral,723,0.7570680628272252
ECB,FED,finbert,dovish,dovish,189,0.36346153846153845
ECB,FED,finbert,dovish,hawkish,94,0.18076923076923077
ECB,FED,finbert,dovish,neutral,237,0.45576923076923076
ECB,FED,finbert,hawkish,dovish,129,0.23035714285714284
ECB,FED,finbert,hawkish,hawkish,267,0.4767857142857143
ECB,FED,finbert,hawkish,neutral,164,0.29285714285714287
ECB,FED,finbert,neutral,dovish,118,0.12356020942408377
ECB,FED,finbert,neutral,hawkish,108,0.1130890052356021
ECB,FED,finbert,neutral,neutral,729,0.7633507853403141
ECB,FED,finbert-tone,dovish,dovish,174,0.3346153846153846
ECB,FED,finbert-tone,dovish,hawkish,45,0.08653846153846154
ECB,FED,finbert-tone,dovish,neutral,301,0.5788461538461539
ECB,FED,finbert-tone,hawkish,dovish,107,0.19107142857142856
ECB,FED,finbert-tone,hawkish,hawkish,222,0.3964285714285714
ECB,FED,finbert-tone,hawkish,neutral,231,0.4125
ECB,FED,finbert-tone,neutral,dovish,61,0.06387434554973823
ECB,FED,finbert-tone,neutral,hawkish,89,0.09319371727748692
ECB,FED,finbert-tone,neutral,neutral,805,0.8429319371727748
ECB,FED,roberta-base,dovish,dovish,305,0.5865384615384616
ECB,FED,roberta-base,dovish,hawkish,50,0.09615384615384616
ECB,FED,roberta-base,dovish,neutral,165,0.3173076923076923
ECB,FED,roberta-base,hawkish,dovish,118,0.21071428571428572
ECB,FED,roberta-base,hawkish,hawkish,298,0.5321428571428571
ECB,FED,roberta-base,hawkish,neutral,144,0.2571428571428571
ECB,FED,roberta-base,neutral,dovish,133,0.13926701570680627
ECB,FED,roberta-base,neutral,hawkish,115,0.12041884816753927
ECB,FED,roberta-base,neutral,neutral,707,0.7403141361256544
ECB,FED,roberta-dapt,dovish,dovish,313,0.6019230769230769
ECB,FED,roberta-dapt,dovish,hawkish,55,0.10576923076923077
ECB,FED,roberta-dapt,dovish,neutral,152,0.2923076923076923
ECB,FED,roberta-dapt,hawkish,dovish,105,0.1875
ECB,FED,roberta-dapt,hawkish,hawkish,331,0.5910714285714286
ECB,FED,roberta-dapt,hawkish,neutral,124,0.22142857142857142
ECB,FED,roberta-dapt,neutral,dovish,136,0.1424083769633508
ECB,FED,roberta-dapt,neutral,hawkish,120,0.1256544502617801
ECB,FED,roberta-dapt,neutral,neutral,699,0.7319371727748691
ECB,FED,roberta-large,dovish,dovish,289,0.5557692307692308
ECB,FED,roberta-large,dovish,hawkish,55,0.10576923076923077
ECB,FED,roberta-large,dovish,neutral,176,0.3384615384615385
ECB,FED,roberta-large,hawkish,dovish,96,0.17142857142857143
ECB,FED,roberta-large,hawkish,hawkish,322,0.575
ECB,FED,roberta-large,hawkish,neutral,142,0.25357142857142856
ECB,FED,roberta-large,neutral,dovish,96,0.10052356020942409
ECB,FED,roberta-large,neutral,hawkish,128,0.13403141361256546
ECB,FED,roberta-large,neutral,neutral,731,0.7654450261780105
ECB,FED,roberta-large-dapt,dovish,dovish,289,0.5557692307692308
ECB,FED,roberta-large-dapt,dovish,hawkish,55,0.10576923076923077
ECB,FED,roberta-large-dapt,dovish,neutral,176,0.3384615384615385
ECB,FED,roberta-large-dapt,hawkish,dovish,91,0.1625
ECB,FED,roberta-large-dapt,hawkish,hawkish,318,0.5678571428571428
ECB,FED,roberta-large-dapt,hawkish,neutral,151,0.26964285714285713
ECB,FED,roberta-large-dapt,neutral,dovish,80,0.08376963350785341
ECB,FED,roberta-large-dapt,neutral,hawkish,136,0.1424083769633508
ECB,FED,roberta-large-dapt,neutral,neutral,739,0.7738219895287958
FED,ECB,deberta-v3,dovish,dovish,192,0.3657142857142857
FED,ECB,deberta-v3,dovish,hawkish,251,0.4780952380952381
FED,ECB,deberta-v3,dovish,neutral,82,0.15619047619047619
FED,ECB,deberta-v3,hawkish,dovish,316,0.4546762589928058
FED,ECB,deberta-v3,hawkish,hawkish,259,0.3726618705035971
FED,ECB,deberta-v3,hawkish,neutral,120,0.17266187050359713
FED,ECB,deberta-v3,neutral,dovish,166,0.2062111801242236
FED,ECB,deberta-v3,neutral,hawkish,169,0.20993788819875778
FED,ECB,deberta-v3,neutral,neutral,470,0.5838509316770186
FED,ECB,finbert,dovish,dovish,273,0.52
FED,ECB,finbert,dovish,hawkish,154,0.29333333333333333
FED,ECB,finbert,dovish,neutral,98,0.18666666666666668
FED,ECB,finbert,hawkish,dovish,178,0.25611510791366904
FED,ECB,finbert,hawkish,hawkish,374,0.5381294964028777
FED,ECB,finbert,hawkish,neutral,143,0.20575539568345325
FED,ECB,finbert,neutral,dovish,119,0.14782608695652175
FED,ECB,finbert,neutral,hawkish,165,0.20496894409937888
FED,ECB,finbert,neutral,neutral,521,0.6472049689440994
FED,ECB,finbert-tone,dovish,dovish,55,0.10476190476190476
FED,ECB,finbert-tone,dovish,hawkish,331,0.6304761904761905
FED,ECB,finbert-tone,dovish,neutral,139,0.26476190476190475
FED,ECB,finbert-tone,hawkish,dovish,129,0.1856115107913669
FED,ECB,finbert-tone,hawkish,hawkish,318,0.45755395683453237
FED,ECB,finbert-tone,hawkish,neutral,248,0.35683453237410073
FED,ECB,finbert-tone,neutral,dovish,72,0.08944099378881988
FED,ECB,finbert-tone,neutral,hawkish,122,0.1515527950310559
FED,ECB,finbert-tone,neutral,neutral,611,0.7590062111801242
FED,ECB,roberta-base,dovish,dovish,220,0.41904761904761906
FED,ECB,roberta-base,dovish,hawkish,199,0.379047619047619
FED,ECB,roberta-base,dovish,neutral,106,0.2019047619047619
FED,ECB,roberta-base,hawkish,dovish,134,0.19280575539568345
FED,ECB,roberta-base,hawkish,hawkish,403,0.5798561151079137
FED,ECB,roberta-base,hawkish,neutral,158,0.2273381294964029
FED,ECB,roberta-base,neutral,dovish,130,0.16149068322981366
FED,ECB,roberta-base,neutral,hawkish,170,0.2111801242236025
FED,ECB,roberta-base,neutral,neutral,505,0.6273291925465838
FED,ECB,roberta-dapt,dovish,dovish,229,0.4361904761904762
FED,ECB,roberta-dapt,dovish,hawkish,176,0.3352380952380952
FED,ECB,roberta-dapt,dovish,neutral,120,0.22857142857142856
FED,ECB,roberta-dapt,hawkish,dovish,111,0.15971223021582734
FED,ECB,roberta-dapt,hawkish,hawkish,404,0.581294964028777
FED,ECB,roberta-dapt,hawkish,neutral,180,0.2589928057553957
FED,ECB,roberta-dapt,neutral,dovish,91,0.11304347826086956
FED,ECB,roberta-dapt,neutral,hawkish,136,0.168944099378882
FED,ECB,roberta-dapt,neutral,neutral,578,0.7180124223602484
FED,ECB,roberta-large,dovish,dovish,226,0.43047619047619046
FED,ECB,roberta-large,dovish,hawkish,198,0.37714285714285717
FED,ECB,roberta-large,dovish,neutral,101,0.19238095238095237
FED,ECB,roberta-large,hawkish,dovish,112,0.16115107913669063
FED,ECB,roberta-large,hawkish,hawkish,424,0.6100719424460431
FED,ECB,roberta-large,hawkish,neutral,159,0.22877697841726619
FED,ECB,roberta-large,neutral,dovish,116,0.14409937888198757
FED,ECB,roberta-large,neutral,hawkish,122,0.1515527950310559
FED,ECB,roberta-large,neutral,neutral,567,0.7043478260869566
FED,ECB,roberta-large-dapt,dovish,dovish,189,0.36
FED,ECB,roberta-large-dapt,dovish,hawkish,213,0.4057142857142857
FED,ECB,roberta-large-dapt,dovish,neutral,123,0.2342857142857143
FED,ECB,roberta-large-dapt,hawkish,dovish,96,0.1381294964028777
FED,ECB,roberta-large-dapt,hawkish,hawkish,469,0.6748201438848921
FED,ECB,roberta-large-dapt,hawkish,neutral,130,0.18705035971223022
FED,ECB,roberta-large-dapt,neutral,dovish,69,0.08571428571428572
FED,ECB,roberta-large-dapt,neutral,hawkish,163,0.20248447204968945
FED,ECB,roberta-large-dapt,neutral,neutral,573,0.7118012422360248
FED,FED,deberta-v3,dovish,dovish,286,0.55
FED,FED,deberta-v3,dovish,hawkish,122,0.23461538461538461
FED,FED,deberta-v3,dovish,neutral,112,0.2153846153846154
FED,FED,deberta-v3,hawkish,dovish,183,0.3267857142857143
FED,FED,deberta-v3,hawkish,hawkish,157,0.28035714285714286
FED,FED,deberta-v3,hawkish,neutral,220,0.39285714285714285
FED,FED,deberta-v3,neutral,dovish,119,0.12460732984293194
FED,FED,deberta-v3,neutral,hawkish,137,0.14345549738219895
FED,FED,deberta-v3,neutral,neutral,699,0.7319371727748691
FED,FED,finbert,dovish,dovish,282,0.5423076923076923
FED,FED,finbert,dovish,hawkish,100,0.19230769230769232
FED,FED,finbert,dovish,neutral,138,0.2653846153846154
FED,FED,finbert,hawkish,dovish,110,0.19642857142857142
FED,FED,finbert,hawkish,hawkish,268,0.4785714285714286
FED,FED,finbert,hawkish,neutral,182,0.325
FED,FED,finbert,neutral,dovish,91,0.09528795811518324
FED,FED,finbert,neutral,hawkish,91,0.09528795811518324
FED,FED,finbert,neutral,neutral,773,0.8094240837696335
FED,FED,finbert-tone,dovish,dovish,281,0.5403846153846154
FED,FED,finbert-tone,dovish,hawkish,95,0.18269230769230768
FED,FED,finbert-tone,dovish,neutral,144,0.27692307692307694
FED,FED,finbert-tone,hawkish,dovish,113,0.2017857142857143
FED,FED,finbert-tone,hawkish,hawkish,260,0.4642857142857143
FED,FED,finbert-tone,hawkish,neutral,187,0.3339285714285714
FED,FED,finbert-tone,neutral,dovish,116,0.12146596858638743
FED,FED,finbert-tone,neutral,hawkish,97,0.10157068062827225
FED,FED,finbert-tone,neutral,neutral,742,0.7769633507853403
FED,FED,roberta-base,dovish,dovish,337,0.6480769230769231
FED,FED,roberta-base,dovish,hawkish,97,0.18653846153846154
FED,FED,roberta-base,dovish,neutral,86,0.16538461538461538
FED,FED,roberta-base,hawkish,dovish,66,0.11785714285714285
FED,FED,roberta-base,hawkish,hawkish,340,0.6071428571428571
FED,FED,roberta-base,hawkish,neutral,154,0.275
FED,FED,roberta-base,neutral,dovish,63,0.06596858638743455
FED,FED,roberta-base,neutral,hawkish,157,0.1643979057591623
FED,FED,roberta-base,neutral,neutral,735,0.7696335078534031
FED,FED,roberta-dapt,dovish,dovish,360,0.6923076923076923
FED,FED,roberta-dapt,dovish,hawkish,78,0.15
FED,FED,roberta-dapt,dovish,neutral,82,0.1576923076923077
FED,FED,roberta-dapt,hawkish,dovish,83,0.14821428571428572
FED,FED,roberta-dapt,hawkish,hawkish,308,0.55
FED,FED,roberta-dapt,hawkish,neutral,169,0.30178571428571427
FED,FED,roberta-dapt,neutral,dovish,81,0.08481675392670157
FED,FED,roberta-dapt,neutral,hawkish,134,0.14031413612565444
FED,FED,roberta-dapt,neutral,neutral,740,0.774869109947644
FED,FED,roberta-large,dovish,dovish,323,0.6211538461538462
FED,FED,roberta-large,dovish,hawkish,94,0.18076923076923077
FED,FED,roberta-large,dovish,neutral,103,0.19807692307692307
FED,FED,roberta-large,hawkish,dovish,46,0.08214285714285714
FED,FED,roberta-large,hawkish,hawkish,352,0.6285714285714286
FED,FED,roberta-large,hawkish,neutral,162,0.2892857142857143
FED,FED,roberta-large,neutral,dovish,58,0.060732984293193716
FED,FED,roberta-large,neutral,hawkish,118,0.12356020942408377
FED,FED,roberta-large,neutral,neutral,779,0.8157068062827225
FED,FED,roberta-large-dapt,dovish,dovish,345,0.6634615384615384
FED,FED,roberta-large-dapt,dovish,hawkish,90,0.17307692307692307
FED,FED,roberta-large-dapt,dovish,neutral,85,0.16346153846153846
FED,FED,roberta-large-dapt,hawkish,dovish,54,0.09642857142857143
FED,FED,roberta-large-dapt,hawkish,hawkish,371,0.6625
FED,FED,roberta-large-dapt,hawkish,neutral,135,0.24107142857142858
FED,FED,roberta-large-dapt,neutral,dovish,79,0.08272251308900523
FED,FED,roberta-large-dapt,neutral,hawkish,148,0.1549738219895288
FED,FED,roberta-large-dapt,neutral,neutral,728,0.762303664921466
