train_institution,eval_institution,model,run,true,pred,count
ECB,ECB,deberta-v3,1,dovish,dovish,62
ECB,ECB,deberta-v3,1,dovish,hawkish,37
ECB,ECB,deberta-v3,1,dovish,neutral,6
ECB,ECB,deberta-v3,1,hawkish,dovish,58
ECB,ECB,deberta-v3,1,hawkish,hawkish,73
ECB,ECB,deberta-v3,1,hawkish,neutral,8
ECB,ECB,deberta-v3,1,neutral,dovish,53
ECB,ECB,deberta-v3,1,neutral,hawkish,31
ECB,ECB,deberta-v3,1,neutral,neutral,77
ECB,ECB,deberta-v3,2,dovish,dovish,0
ECB,ECB,deberta-v3,2,dovish,hawkish,0
ECB,ECB,deberta-v3,2,dovish,neutral,105
ECB,ECB,deberta-v3,2,hawkish,dovish,0
ECB,ECB,deberta-v3,2,hawkish,hawkish,0
ECB,ECB,deberta-v3,2,hawkish,neutral,139
ECB,ECB,deberta-v3,2,neutral,dovish,0
ECB,ECB,deberta-v3,2,neutral,hawkish,0
ECB,ECB,deberta-v3,2,neutral,neutral,161
ECB,ECB,deberta-v3,3,dovish,dovish,85
ECB,ECB,deberta-v3,3,dovish,hawkish,0
ECB,ECB,deberta-v3,3,dovish,neutral,20
ECB,ECB,deberta-v3,3,hawkish,dovish,106
ECB,ECB,deberta-v3,3,hawkish,hawkish,0
ECB,ECB,deberta-v3,3,hawkish,neutral,33
ECB,ECB,deberta-v3,3,neutral,dovish,55
ECB,ECB,deberta-v3,3,neutral,hawkish,0
ECB,ECB,deberta-v3,3,neutral,neutral,106
ECB,ECB,deberta-v3,4,dovish,dovish,59
ECB,ECB,deberta-v3,4,dovish,hawkish,37
ECB,ECB,deberta-v3,4,dovish,neutral,9
ECB,ECB,deberta-v3,4,hawkish,dovish,53
ECB,ECB,deberta-v3,4,hawkish,hawkish,76
ECB,ECB,deberta-v3,4,hawkish,neutral,10
ECB,ECB,deberta-v3,4,neutral,dovish,46
ECB,ECB,deberta-v3,4,neutral,hawkish,30
ECB,ECB,deberta-v3,4,neutral,neutral,85
ECB,ECB,deberta-v3,5,dovish,dovish,86
ECB,ECB,deberta-v3,5,dovish,hawkish,0
ECB,ECB,deberta-v3,5,dovish,neutral,19
ECB,ECB,deberta-v3,5,hawkish,dovish,105
ECB,ECB,deberta-v3,5,hawkish,hawkish,0
ECB,ECB,deberta-v3,5,hawkish,neutral,34
ECB,ECB,deberta-v3,5,neutral,dovish,60
ECB,ECB,deberta-v3,5,neutral,hawkish,0
ECB,ECB,deberta-v3,5,neutral,neutral,101
ECB,ECB,finbert,1,dovish,dovish,64
ECB,ECB,finbert,1,dovish,hawkish,21
ECB,ECB,finbert,1,dovish,neutral,20
ECB,ECB,finbert,1,hawkish,dovish,30
ECB,ECB,finbert,1,hawkish,hawkish,76
ECB,ECB,finbert,1,hawkish,neutral,33
ECB,ECB,finbert,1,neutral,dovish,22
ECB,ECB,finbert,1,neutral,hawkish,27
ECB,ECB,finbert,1,neutral,neutral,112
ECB,ECB,finbert,2,dovish,dovish,77
ECB,ECB,finbert,2,dovish,hawkish,11
ECB,ECB,finbert,2,dovish,neutral,17
ECB,ECB,finbert,2,hawkish,dovish,44
ECB,ECB,finbert,2,hawkish,hawkish,66
ECB,ECB,finbert,2,hawkish,neutral,29
ECB,ECB,finbert,2,neutral,dovish,31
ECB,ECB,finbert,2,neutral,hawkish,24
ECB,ECB,finbert,2,neutral,neutral,106
ECB,ECB,finbert,3,dovish,dovish,70
ECB,ECB,finbert,3,dovish,hawkish,27
ECB,ECB,finbert,3,dovish,neutral,8
ECB,ECB,finbert,3,hawkish,dovish,31
ECB,ECB,finbert,3,hawkish,hawkish,95
ECB,ECB,finbert,3,hawkish,neutral,13
ECB,ECB,finbert,3,neutral,dovish,38
ECB,ECB,finbert,3,neutral,hawkish,43
ECB,ECB,finbert,3,neutral,neutral,80
ECB,ECB,finbert,4,dovish,dovish,64
ECB,ECB,finbert,4,dovish,hawkish,22
ECB,ECB,finbert,4,dovish,neutral,19
ECB,ECB,finbert,4,hawkish,dovish,25
ECB,ECB,finbert,4,hawkish,hawkish,88
ECB,ECB,finbert,4,hawkish,neutral,26
ECB,ECB,finbert,4,neutral,dovish,24
ECB,ECB,finbert,4,neutral,hawkish,37
ECB,ECB,finbert,4,neutral,neutral,100
ECB,ECB,finbert,5,dovish,dovish,83
ECB,ECB,finbert,5,dovish,hawkish,14
ECB,ECB,finbert,5,dovish,neutral,8
ECB,ECB,finbert,5,hawkish,dovish,56
ECB,ECB,finbert,5,hawkish,hawkish,67
ECB,ECB,finbert,5,hawkish,neutral,16
ECB,ECB,finbert,5,neutral,dovish,46
ECB,ECB,finbert,5,neutral,hawkish,25
ECB,ECB,finbert,5,neutral,neutral,90
ECB,ECB,finbert-tone,1,dovish,dovish,78
ECB,ECB,finbert-tone,1,dovish,hawkish,13
ECB,ECB,finbert-tone,1,dovish,neutral,14
ECB,ECB,finbert-tone,1,hawkish,dovish,54
ECB,ECB,finbert-tone,1,hawkish,hawkish,63
ECB,ECB,finbert-tone,1,hawkish,neutral,22
ECB,ECB,finbert-tone,1,neutral,dovish,21
ECB,ECB,finbert-tone,1,neutral,hawkish,17
ECB,ECB,finbert-tone,1,neutral,neutral,123
ECB,ECB,finbert-tone,2,dovish,dovish,61
ECB,ECB,finbert-tone,2,dovish,hawkish,20
ECB,ECB,finbert-tone,2,dovish,neutral,24
ECB,ECB,finbert-tone,2,hawkish,dovish,42
ECB,ECB,finbert-tone,2,hawkish,hawkish,66
ECB,ECB,finbert-tone,2,hawkish,neutral,31
ECB,ECB,finbert-tone,2,neutral,dovish,15
ECB,ECB,finbert-tone,2,neutral,hawkish,15
ECB,ECB,finbert-tone,2,neutral,neutral,131
ECB,ECB,finbert-tone,3,dovish,dovish,76
ECB,ECB,finbert-tone,3,dovish,hawkish,15
ECB,ECB,finbert-tone,3,dovish,neutral,14
ECB,ECB,finbert-tone,3,hawkish,dovish,49
ECB,ECB,finbert-tone,3,hawkish,hawkish,64
ECB,ECB,finbert-tone,3,hawkish,neutral,26
ECB,ECB,finbert-tone,3,neutral,dovish,20
ECB,ECB,finbert-tone,3,neutral,hawkish,18
ECB,ECB,finbert-tone,3,neutral,neutral,123
ECB,ECB,finbert-tone,4,dovish,dovish,68
ECB,ECB,finbert-tone,4,dovish,hawkish,15
ECB,ECB,finbert-tone,4,dovish,neutral,22
ECB,ECB,finbert-tone,4,hawkish,dovish,41
ECB,ECB,finbert-tone,4,hawkish,hawkish,58
ECB,ECB,finbert-tone,4,hawkish,neutral,40
ECB,ECB,finbert-tone,4,neutral,dovish,16
ECB,ECB,finbert-tone,4,neutral,hawkish,17
ECB,ECB,finbert-tone,4,neutral,neutral,128
ECB,ECB,finbert-tone,5,dovish,dovish,83
ECB,ECB,finbert-tone,5,dovish,hawkish,12
ECB,ECB,finbert-tone,5,dovish,neutral,10
ECB,ECB,finbert-tone,5,hawkish,dovish,59
ECB,ECB,finbert-tone,5,hawkish,hawkish,61
ECB,ECB,finbert-tone,5,hawkish,neutral,19
ECB,ECB,finbert-tone,5,neutral,dovish,34
ECB,ECB,finbert-tone,5,neutral,hawkish,17
ECB,ECB,finbert-tone,5,neutral,neutral,110
ECB,ECB,roberta-base,1,dovish,dovish,86
ECB,ECB,roberta-base,1,dovish,hawkish,7
ECB,ECB,roberta-base,1,dovish,neutral,12
ECB,ECB,roberta-base,1,hawkish,dovish,54
ECB,ECB,roberta-base,1,hawkish,hawkish,62
ECB,ECB,roberta-base,1,hawkish,neutral,23
ECB,ECB,roberta-base,1,neutral,dovish,41
ECB,ECB,roberta-base,1,neutral,hawkish,19
ECB,ECB,roberta-base,1,neutral,neutral,101
ECB,ECB,roberta-base,2,dovish,dovish,84
ECB,ECB,roberta-base,2,dovish,hawkish,9
ECB,ECB,roberta-base,2,dovish,neutral,12
ECB,ECB,roberta-base,2,hawkish,dovish,47
ECB,ECB,roberta-base,2,hawkish,hawkish,73
ECB,ECB,roberta-base,2,hawkish,neutral,19
ECB,ECB,roberta-base,2,neutral,dovish,38
ECB,ECB,roberta-base,2,neutral,hawkish,25
ECB,ECB,roberta-base,2,neutral,neutral,98
ECB,ECB,roberta-base,3,dovish,dovish,84
ECB,ECB,roberta-base,3,dovish,hawkish,13
ECB,ECB,roberta-base,3,dovish,neutral,8
ECB,ECB,roberta-base,3,hawkish,dovish,40
ECB,ECB,roberta-base,3,hawkish,hawkish,86
ECB,ECB,roberta-base,3,hawkish,neutral,13
ECB,ECB,roberta-base,3,neutral,dovish,45
ECB,ECB,roberta-base,3,neutral,hawkish,23
ECB,ECB,roberta-base,3,neutral,neutral,93
ECB,ECB,roberta-base,4,dovish,dovish,77
ECB,ECB,roberta-base,4,dovish,hawkish,15
ECB,ECB,roberta-base,4,dovish,neutral,13
ECB,ECB,roberta-base,4,hawkish,dovish,32
ECB,ECB,roberta-base,4,hawkish,hawkish,85
ECB,ECB,roberta-base,4,hawkish,neutral,22
ECB,ECB,roberta-base,4,neutral,dovish,21
ECB,ECB,roberta-base,4,neutral,hawkish,29
ECB,ECB,roberta-base,4,neutral,neutral,111
ECB,ECB,roberta-base,5,dovish,dovish,87
ECB,ECB,roberta-base,5,dovish,hawkish,12
ECB,ECB,roberta-base,5,dovish,neutral,6
ECB,ECB,roberta-base,5,hawkish,dovish,48
ECB,ECB,roberta-base,5,hawkish,hawkish,74
ECB,ECB,roberta-base,5,hawkish,neutral,17
ECB,ECB,roberta-base,5,neutral,dovish,48
ECB,ECB,roberta-base,5,neutral,hawkish,24
ECB,ECB,roberta-base,5,neutral,neutral,89
ECB,ECB,roberta-dapt,1,dovish,dovish,85
ECB,ECB,roberta-dapt,1,dovish,hawkish,14
ECB,ECB,roberta-dapt,1,dovish,neutral,6
ECB,ECB,roberta-dapt,1,hawkish,dovish,42
ECB,ECB,roberta-dapt,1,hawkish,hawkish,88
ECB,ECB,roberta-dapt,1,hawkish,neutral,9
ECB,ECB,roberta-dapt,1,neutral,dovish,41
ECB,ECB,roberta-dapt,1,neutral,hawkish,28
ECB,ECB,roberta-dapt,1,neutral,neutral,92
ECB,ECB,roberta-dapt,2,dovish,dovish,83
ECB,ECB,roberta-dapt,2,dovish,hawkish,7
ECB,ECB,roberta-dapt,2,dovish,neutral,15
ECB,ECB,roberta-dapt,2,hawkish,dovish,42
ECB,ECB,roberta-dapt,2,hawkish,hawkish,77
ECB,ECB,roberta-dapt,2,hawkish,neutral,20
ECB,ECB,roberta-dapt,2,neutral,dovish,30
ECB,ECB,roberta-dapt,2,neutral,hawkish,22
ECB,ECB,roberta-dapt,2,neutral,neutral,109
ECB,ECB,roberta-dapt,3,dovish,dovish,77
ECB,ECB,roberta-dapt,3,dovish,hawkish,17
ECB,ECB,roberta-dapt,3,dovish,neutral,11
ECB,ECB,roberta-dapt,3,hawkish,dovish,29
ECB,ECB,roberta-dapt,3,hawkish,hawkish,90
ECB,ECB,roberta-dapt,3,hawkish,neutral,20
ECB,ECB,roberta-dapt,3,neutral,dovish,39
ECB,ECB,roberta-dapt,3,neutral,hawkish,30
ECB,ECB,roberta-dapt,3,neutral,neutral,92
ECB,ECB,roberta-dapt,4,dovish,dovish,80
ECB,ECB,roberta-dapt,4,dovish,hawkish,18
ECB,ECB,roberta-dapt,4,dovish,neutral,7
ECB,ECB,roberta-dapt,4,hawkish,dovish,40
ECB,ECB,roberta-dapt,4,hawkish,hawkish,87
ECB,ECB,roberta-dapt,4,hawkish,neutral,12
ECB,ECB,roberta-dapt,4,neutral,dovish,35
ECB,ECB,roberta-dapt,4,neutral,hawkish,37
ECB,ECB,roberta-dapt,4,neutral,neutral,89
ECB,ECB,roberta-dapt,5,dovish,dovish,91
ECB,ECB,roberta-dapt,5,dovish,hawkish,9
ECB,ECB,roberta-dapt,5,dovish,neutral,5
ECB,ECB,roberta-dapt,5,hawkish,dovish,49
ECB,ECB,roberta-dapt,5,hawkish,hawkish,75
ECB,ECB,roberta-dapt,5,hawkish,neutral,15
ECB,ECB,roberta-dapt,5,neutral,dovish,50
ECB,ECB,roberta-dapt,5,neutral,hawkish,23
ECB,ECB,roberta-dapt,5,neutral,neutral,88
ECB,ECB,roberta-large,1,dovish,dovish,82
ECB,ECB,roberta-large,1,dovish,hawkish,15
ECB,ECB,roberta-large,1,dovish,neutral,8
ECB,ECB,roberta-large,1,hawkish,dovish,44
ECB,ECB,roberta-large,1,hawkish,hawkish,78
ECB,ECB,roberta-large,1,hawkish,neutral,17
ECB,ECB,roberta-large,1,neutral,dovish,36
ECB,ECB,roberta-large,1,neutral,hawkish,17
ECB,ECB,roberta-large,1,neutral,neutral,108
ECB,ECB,roberta-large,2,dovish,dovish,83
ECB,ECB,roberta-large,2,dovish,hawkish,12
ECB,ECB,roberta-large,2,dovish,neutral,10
ECB,ECB,roberta-large,2,hawkish,dovish,39
ECB,ECB,roberta-large,2,hawkish,hawkish,79
ECB,ECB,roberta-large,2,hawkish,neutral,21
ECB,ECB,roberta-large,2,neutral,dovish,25
ECB,ECB,roberta-large,2,neutral,hawkish,20
ECB,ECB,roberta-large,2,neutral,neutral,116
ECB,ECB,roberta-large,3,dovish,dovish,73
ECB,ECB,roberta-large,3,dovish,hawkish,12
ECB,ECB,roberta-large,3,dovish,neutral,20
ECB,ECB,roberta-large,3,hawkish,dovish,31
ECB,ECB,roberta-large,3,hawkish,hawkish,83
ECB,ECB,roberta-large,3,hawkish,neutral,25
ECB,ECB,roberta-large,3,neutral,dovish,25
ECB,ECB,roberta-large,3,neutral,hawkish,17
ECB,ECB,roberta-large,3,neutral,neutral,119
ECB,ECB,roberta-large,4,dovish,dovish,74
ECB,ECB,roberta-large,4,dovish,hawkish,13
ECB,ECB,roberta-large,4,dovish,neutral,18
ECB,ECB,roberta-large,4,hawkish,dovish,35
ECB,ECB,roberta-large,4,hawkish,hawkish,84
ECB,ECB,roberta-large,4,hawkish,neutral,20
ECB,ECB,roberta-large,4,neutral,dovish,23
ECB,ECB,roberta-large,4,neutral,hawkish,19
ECB,ECB,roberta-large,4,neutral,neutral,119
ECB,ECB,roberta-large,5,dovish,dovish,76
ECB,ECB,roberta-large,5,dovish,hawkish,17
ECB,ECB,roberta-large,5,dovish,neutral,12
ECB,ECB,roberta-large,5,hawkish,dovish,29
ECB,ECB,roberta-large,5,hawkish,hawkish,91
ECB,ECB,roberta-large,5,hawkish,neutral,19
ECB,ECB,roberta-large,5,neutral,dovish,25
ECB,ECB,roberta-large,5,neutral,hawkish,25
ECB,ECB,roberta-large,5,neutral,neutral,111
ECB,ECB,roberta-large-dapt,1,dovish,dovish,83
ECB,ECB,roberta-large-dapt,1,dovish,hawkish,12
ECB,ECB,roberta-large-dapt,1,dovish,neutral,10
ECB,ECB,roberta-large-dapt,1,hawkish,dovish,38
ECB,ECB,roberta-large-dapt,1,hawkish,hawkish,85
ECB,ECB,roberta-large-dapt,1,hawkish,neutral,16
ECB,ECB,roberta-large-dapt,1,neutral,dovish,37
ECB,ECB,roberta-large-dapt,1,neutral,hawkish,23
ECB,ECB,roberta-large-dapt,1,neutral,neutral,101
ECB,ECB,roberta-large-dapt,2,dovish,dovish,80
ECB,ECB,roberta-large-dapt,2,dovish,hawkish,11
ECB,ECB,roberta-large-dapt,2,dovish,neutral,14
ECB,ECB,roberta-large-dapt,2,hawkish,dovish,36
ECB,ECB,roberta-large-dapt,2,hawkish,hawkish,85
ECB,ECB,roberta-large-dapt,2,hawkish,neutral,18
ECB,ECB,roberta-large-dapt,2,neutral,dovish,22
ECB,ECB,roberta-large-dapt,2,neutral,hawkish,20
ECB,ECB,roberta-large-dapt,2,neutral,neutral,119
ECB,ECB,roberta-large-dapt,3,dovish,dovish,78
ECB,ECB,roberta-large-dapt,3,dovish,hawkish,8
ECB,ECB,roberta-large-dapt,3,dovish,neutral,19
ECB,ECB,roberta-large-dapt,3,hawkish,dovish,31
ECB,ECB,roberta-large-dapt,3,hawkish,hawkish,79
ECB,ECB,roberta-large-dapt,3,hawkish,neutral,29
ECB,ECB,roberta-large-dapt,3,neutral,dovish,21
ECB,ECB,roberta-large-dapt,3,neutral,hawkish,19
ECB,ECB,roberta-large-dapt,3,neutral,neutral,121
ECB,ECB,roberta-large-dapt,4,dovish,dovish,75
ECB,ECB,roberta-large-dapt,4,dovish,hawkish,16
ECB,ECB,roberta-large-dapt,4,dovish,neutral,14
ECB,ECB,roberta-large-dapt,4,hawkish,dovish,31
ECB,ECB,roberta-large-dapt,4,hawkish,hawkish,81
ECB,ECB,roberta-large-dapt,4,hawkish,neutral,27
ECB,ECB,roberta-large-dapt,4,neutral,dovish,17
ECB,ECB,roberta-large-dapt,4,neutral,hawkish,20
ECB,ECB,roberta-large-dapt,4,neutral,neutral,124
ECB,ECB,roberta-large-dapt,5,dovish,dovish,83
ECB,ECB,roberta-large-dapt,5,dovish,hawkish,12
ECB,ECB,roberta-large-dapt,5,dovish,neutral,10
ECB,ECB,roberta-large-dapt,5,hawkish,dovish,41
ECB,ECB,roberta-large-dapt,5,hawkish,hawkish,91
ECB,ECB,roberta-large-dapt,5,hawkish,neutral,7
ECB,ECB,roberta-large-dapt,5,neutral,dovish,32
ECB,ECB,roberta-large-dapt,5,neutral,hawkish,25
ECB,ECB,roberta-large-dapt,5,neutral,neutral,104
ECB,FED,deberta-v3,1,dovish,dovish,55
ECB,FED,deberta-v3,1,dovish,hawkish,20
ECB,FED,deberta-v3,1,dovish,neutral,29
ECB,FED,deberta-v3,1,hawkish,dovish,53
ECB,FED,deberta-v3,1,hawkish,hawkish,35
ECB,FED,deberta-v3,1,hawkish,neutral,24
ECB,FED,deberta-v3,1,neutral,dovish,65
ECB,FED,deberta-v3,1,neutral,hawkish,16
ECB,FED,deberta-v3,1,neutral,neutral,110
ECB,FED,deberta-v3,2,dovish,dovish,0
ECB,FED,deberta-v3,2,dovish,hawkish,0
ECB,FED,deberta-v3,2,dovish,neutral,104
ECB,FED,deberta-v3,2,hawkish,dovish,0
ECB,FED,deberta-v3,2,hawkish,hawkish,0
ECB,FED,deberta-v3,2,hawkish,neutral,112
ECB,FED,deberta-v3,2,neutral,dovish,0
ECB,FED,deberta-v3,2,neutral,hawkish,0
ECB,FED,deberta-v3,2,neutral,neutral,191
ECB,FED,deberta-v3,3,dovish,dovish,53
ECB,FED,deberta-v3,3,dovish,hawkish,0
ECB,FED,deberta-v3,3,dovish,neutral,51
ECB,FED,deberta-v3,3,hawkish,dovish,58
ECB,FED,deberta-v3,3,hawkish,hawkish,0
ECB,FED,deberta-v3,3,hawkish,neutral,54
ECB,FED,deberta-v3,3,neutral,dovish,38
ECB,FED,deberta-v3,3,neutral,hawkish,0
ECB,FED,deberta-v3,3,neutral,neutral,153
ECB,FED,deberta-v3,4,dovish,dovish,36
ECB,FED,deberta-v3,4,dovish,hawkish,29
ECB,FED,deberta-v3,4,dovish,neutral,39
ECB,FED,deberta-v3,4,hawkish,dovish,37
ECB,FED,deberta-v3,4,hawkish,hawkish,42
ECB,FED,deberta-v3,4,hawkish,neutral,33
ECB,FED,deberta-v3,4,neutral,dovish,45
ECB,FED,deberta-v3,4,neutral,hawkish,24
ECB,FED,deberta-v3,4,neutral,neutral,122
ECB,FED,deberta-v3,5,dovish,dovish,70
ECB,FED,deberta-v3,5,dovish,hawkish,0
ECB,FED,deberta-v3,5,dovish,neutral,34
ECB,FED,deberta-v3,5,hawkish,dovish,68
ECB,FED,deberta-v3,5,hawkish,hawkish,0
ECB,FED,deberta-v3,5,hawkish,neutral,44
ECB,FED,deberta-v3,5,neutral,dovish,44
ECB,FED,deberta-v3,5,neutral,hawkish,0
ECB,FED,deberta-v3,5,neutral,neutral,147
ECB,FED,finbert,1,dovish,dovish,31
ECB,FED,finbert,1,dovish,hawkish,20
ECB,FED,finbert,1,dovish,neutral,53
ECB,FED,finbert,1,hawkish,dovish,21
ECB,FED,finbert,1,hawkish,hawkish,51
ECB,FED,finbert,1,hawkish,neutral,40
ECB,FED,finbert,1,neutral,dovish,24
ECB,FED,finbert,1,neutral,hawkish,15
ECB,FED,finbert,1,neutral,neutral,152
ECB,FED,finbert,2,dovish,dovish,32
ECB,FED,finbert,2,dovish,hawkish,18
ECB,FED,finbert,2,dovish,neutral,54
ECB,FED,finbert,2,hawkish,dovish,27
ECB,FED,finbert,2,hawkish,hawkish,44
ECB,FED,finbert,2,hawkish,neutral,41
ECB,FED,finbert,2,neutral,dovish,22
ECB,FED,finbert,2,neutral,hawkish,14
ECB,FED,finbert,2,neutral,neutral,155
ECB,FED,finbert,3,dovish,dovish,40
ECB,FED,finbert,3,dovish,hawkish,23
ECB,FED,finbert,3,dovish,neutral,41
ECB,FED,finbert,3,hawkish,dovish,21
ECB,FED,finbert,3,hawkish,hawkish,66
ECB,FED,finbert,3,hawkish,neutral,25
ECB,FED,finbert,3,neutral,dovish,20
ECB,FED,finbert,3,neutral,hawkish,34
ECB,FED,finbert,3,neutral,neutral,137
ECB,FED,finbert,4,dovish,dovish,41
ECB,FED,finbert,4,dovish,hawkish,21
ECB,FED,finbert,4,dovish,neutral,42
ECB,FED,finbert,4,hawkish,dovish,27
ECB,FED,finbert,4,hawkish,hawkish,62
ECB,FED,finbert,4,hawkish,neutral,23
ECB,FED,finbert,4,neutral,dovish,26
ECB,FED,finbert,4,neutral,hawkish,27
ECB,FED,finbert,4,neutral,neutral,138
ECB,FED,finbert,5,dovish,dovish,45
ECB,FED,finbert,5,dovish,hawkish,12
ECB,FED,finbert,5,dovish,neutral,47
ECB,FED,finbert,5,hawkish,dovish,33
ECB,FED,finbert,5,hawkish,hawkish,44
ECB,FED,finbert,5,hawkish,neutral,35
ECB,FED,finbert,5,neutral,dovish,26
ECB,FED,finbert,5,neutral,hawkish,18
ECB,FED,finbert,5,neutral,neutral,147
ECB,FED,finbert-tone,1,dovish,dovish,40
ECB,FED,finbert-tone,1,dovish,hawkish,9
ECB,FED,finbert-tone,1,dovish,neutral,55
ECB,FED,finbert-tone,1,hawkish,dovish,30
ECB,FED,finbert-tone,1,hawkish,hawkish,39
ECB,FED,finbert-tone,1,hawkish,neutral,43
ECB,FED,finbert-tone,1,neutral,dovish,17
ECB,FED,finbert-tone,1,neutral,hawkish,20
ECB,FED,finbert-tone,1,neutral,neutral,154
ECB,FED,finbert-tone,2,dovish,dovish,25
ECB,FED,finbert-tone,2,dovish,hawkish,13
ECB,FED,finbert-tone,2,dovish,neutral,66
ECB,FED,finbert-tone,2,hawkish,dovish,14
ECB,FED,finbert-tone,2,hawkish,hawkish,46
ECB,FED,finbert-tone,2,hawkish,neutral,52
ECB,FED,finbert-tone,2,neutral,dovish,7
ECB,FED,finbert-tone,2,neutral,hawkish,11
ECB,FED,finbert-tone,2,neutral,neutral,173
ECB,FED,finbert-tone,3,dovish,dovish,36
ECB,FED,finbert-tone,3,dovish,hawkish,8
ECB,FED,finbert-tone,3,dovish,neutral,60
ECB,FED,finbert-tone,3,hawkish,dovish,20
ECB,FED,finbert-tone,3,hawkish,hawkish,53
ECB,FED,finbert-tone,3,hawkish,neutral,39
ECB,FED,finbert-tone,3,neutral,dovish,13
ECB,FED,finbert-tone,3,neutral,hawkish,26
ECB,FED,finbert-tone,3,neutral,neutral,152
ECB,FED,finbert-tone,4,dovish,dovish,26
ECB,FED,finbert-tone,4,dovish,hawkish,8
ECB,FED,finbert-tone,4,dovish,neutral,70
ECB,FED,finbert-tone,4,hawkish,dovish,15
ECB,FED,finbert-tone,4,hawkish,hawkish,42
ECB,FED,finbert-tone,4,hawkish,neutral,55
ECB,FED,finbert-tone,4,neutral,dovish,9
ECB,FED,finbert-tone,4,neutral,hawkish,14
ECB,FED,finbert-tone,4,neutral,neutral,168
ECB,FED,finbert-tone,5,dovish,dovish,47
ECB,FED,finbert-tone,5,dovish,hawkish,7
ECB,FED,finbert-tone,5,dovish,neutral,50
ECB,FED,finbert-tone,5,hawkish,dovish,28
ECB,FED,finbert-tone,5,hawkish,hawkish,42
ECB,FED,finbert-tone,5,hawkish,neutral,42
ECB,FED,finbert-tone,5,neutral,dovish,15
ECB,FED,finbert-tone,5,neutral,hawkish,18
ECB,FED,finbert-tone,5,neutral,neutral,158
ECB,FED,roberta-base,1,dovish,dovish,64
ECB,FED,roberta-base,1,dovish,hawkish,7
ECB,FED,roberta-base,1,dovish,neutral,33
ECB,FED,roberta-base,1,hawkish,dovish,28
ECB,FED,roberta-base,1,hawkish,hawkish,47
ECB,FED,roberta-base,1,hawkish,neutral,37
ECB,FED,roberta-base,1,neutral,dovish,18
ECB,FED,roberta-base,1,neutral,hawkish,12
ECB,FED,roberta-base,1,neutral,neutral,161
ECB,FED,roberta-base,2,dovish,dovish,54
ECB,FED,roberta-base,2,dovish,hawkish,11
ECB,FED,roberta-base,2,dovish,neutral,39
ECB,FED,roberta-base,2,hawkish,dovish,23
ECB,FED,roberta-base,2,hawkish,hawkish,58
ECB,FED,roberta-base,2,hawkish,neutral,31
ECB,FED,roberta-base,2,neutral,dovish,22
ECB,FED,roberta-base,2,neutral,hawkish,20
ECB,FED,roberta-base,2,neutral,neutral,149
ECB,FED,roberta-base,3,dovish,dovish,63
ECB,FED,roberta-base,3,dovish,hawkish,13
ECB,FED,roberta-base,3,dovish,neutral,28
ECB,FED,roberta-base,3,hawkish,dovish,25
ECB,FED,roberta-base,3,hawkish,hawkish,64
ECB,FED,roberta-base,3,hawkish,neutral,23
ECB,FED,roberta-base,3,neutral,dovish,29
ECB,FED,roberta-base,3,neutral,hawkish,26
ECB,FED,roberta-base,3,neutral,neutral,136
ECB,FED,roberta-base,4,dovish,dovish,58
ECB,FED,roberta-base,4,dovish,hawkish,10
ECB,FED,roberta-base,4,dovish,neutral,36
ECB,FED,roberta-base,4,hawkish,dovish,15
ECB,FED,roberta-base,4,hawkish,hawkish,66
ECB,FED,roberta-base,4,hawkish,neutral,31
ECB,FED,roberta-base,4,neutral,dovish,24
ECB,FED,roberta-base,4,neutral,hawkish,28
ECB,FED,roberta-base,4,neutral,neutral,139
ECB,FED,roberta-base,5,dovish,dovish,66
ECB,FED,roberta-base,5,dovish,hawkish,9
ECB,FED,roberta-base,5,dovish,neutral,29
ECB,FED,roberta-base,5,hawkish,dovish,27
ECB,FED,roberta-base,5,hawkish,hawkish,63
ECB,FED,roberta-base,5,hawkish,neutral,22
ECB,FED,roberta-base,5,neutral,dovish,40
ECB,FED,roberta-base,5,neutral,hawkish,29
ECB,FED,roberta-base,5,neutral,neutral,122
ECB,FED,roberta-dapt,1,dovish,dovish,69
ECB,FED,roberta-dapt,1,dovish,hawkish,11
ECB,FED,roberta-dapt,1,dovish,neutral,24
ECB,FED,roberta-dapt,1,hawkish,dovish,24
ECB,FED,roberta-dapt,1,hawkish,hawkish,65
ECB,FED,roberta-dapt,1,hawkish,neutral,23
ECB,FED,roberta-dapt,1,neutral,dovish,26
ECB,FED,roberta-dapt,1,neutral,hawkish,28
ECB,FED,roberta-dapt,1,neutral,neutral,137
ECB,FED,roberta-dapt,2,dovish,dovish,46
ECB,FED,roberta-dapt,2,dovish,hawkish,12
ECB,FED,roberta-dapt,2,dovish,neutral,46
ECB,FED,roberta-dapt,2,hawkish,dovish,17
ECB,FED,roberta-dapt,2,hawkish,hawkish,63
ECB,FED,roberta-dapt,2,hawkish,neutral,32
ECB,FED,roberta-dapt,2,neutral,dovish,14
ECB,FED,roberta-dapt,2,neutral,hawkish,13
ECB,FED,roberta-dapt,2,neutral,neutral,164
ECB,FED,roberta-dapt,3,dovish,dovish,58
ECB,FED,roberta-dapt,3,dovish,hawkish,14
ECB,FED,roberta-dapt,3,dovish,neutral,32
ECB,FED,roberta-dapt,3,hawkish,dovish,17
ECB,FED,roberta-dapt,3,hawkish,hawkish,72
ECB,FED,roberta-dapt,3,hawkish,neutral,23
ECB,FED,roberta-dapt,3,neutral,dovish,29
ECB,FED,roberta-dapt,3,neutral,hawkish,24
ECB,FED,roberta-dapt,3,neutral,neutral,138
ECB,FED,roberta-dapt,4,dovish,dovish,68
ECB,FED,roberta-dapt,4,dovish,hawkish,10
ECB,FED,roberta-dapt,4,dovish,neutral,26
ECB,FED,roberta-dapt,4,hawkish,dovish,21
ECB,FED,roberta-dapt,4,hawkish,hawkish,65
ECB,FED,roberta-dapt,4,hawkish,neutral,26
ECB,FED,roberta-dapt,4,neutral,dovish,28
ECB,FED,roberta-dapt,4,neutral,hawkish,27
ECB,FED,roberta-dapt,4,neutral,neutral,136
ECB,FED,roberta-dapt,5,dovish,dovish,72
ECB,FED,roberta-dapt,5,dovish,hawkish,8
ECB,FED,roberta-dapt,5,dovish,neutral,24
ECB,FED,roberta-dapt,5,hawkish,dovish,26
ECB,FED,roberta-dapt,5,hawkish,hawkish,66
ECB,FED,roberta-dapt,5,hawkish,neutral,20
ECB,FED,roberta-dapt,5,neutral,dovish,39
ECB,FED,roberta-dapt,5,neutral,hawkish,28
ECB,FED,roberta-dapt,5,neutral,neutral,124
ECB,FED,roberta-large,1,dovish,dovish,59
ECB,FED,roberta-large,1,dovish,hawkish,8
ECB,FED,roberta-large,1,dovish,neutral,37
ECB,FED,roberta-large,1,hawkish,dovish,24
ECB,FED,roberta-large,1,hawkish,hawkish,56
ECB,FED,roberta-large,1,hawkish,neutral,32
ECB,FED,roberta-large,1,neutral,dovish,22
ECB,FED,roberta-large,1,neutral,hawkish,22
ECB,FED,roberta-large,1,neutral,neutral,147
ECB,FED,roberta-large,2,dovish,dovish,59
ECB,FED,roberta-large,2,dovish,hawkish,13
ECB,FED,roberta-large,2,dovish,neutral,32
ECB,FED,roberta-large,2,hawkish,dovish,15
ECB,FED,roberta-large,2,hawkish,hawkish,71
ECB,FED,roberta-large,2,hawkish,neutral,26
ECB,FED,roberta-large,2,neutral,dovish,19
ECB,FED,roberta-large,2,neutral,hawkish,27
ECB,FED,roberta-large,2,neutral,neutral,145
ECB,FED,roberta-large,3,dovish,dovish,56
ECB,FED,roberta-large,3,dovish,hawkish,9
ECB,FED,roberta-large,3,dovish,neutral,39
ECB,FED,roberta-large,3,hawkish,dovish,16
ECB,FED,roberta-large,3,hawkish,hawkish,57
ECB,FED,roberta-large,3,hawkish,neutral,39
ECB,FED,roberta-large,3,neutral,dovish,8
ECB,FED,roberta-large,3,neutral,hawkish,19
ECB,FED,roberta-large,3,neutral,neutral,164
ECB,FED,roberta-large,4,dovish,dovish,54
ECB,FED,roberta-large,4,dovish,hawkish,10
ECB,FED,roberta-large,4,dovish,neutral,40
ECB,FED,roberta-large,4,hawkish,dovish,21
ECB,FED,roberta-large,4,hawkish,hawkish,62
ECB,FED,roberta-large,4,hawkish,neutral,29
ECB,FED,roberta-large,4,neutral,dovish,19
ECB,FED,roberta-large,4,neutral,hawkish,24
ECB,FED,roberta-large,4,neutral,neutral,148
ECB,FED,roberta-large,5,dovish,dovish,61
ECB,FED,roberta-large,5,dovish,hawkish,15
ECB,FED,roberta-large,5,dovish,neutral,28
ECB,FED,roberta-large,5,hawkish,dovish,20
ECB,FED,roberta-large,5,hawkish,hawkish,76
ECB,FED,roberta-large,5,hawkish,neutral,16
ECB,FED,roberta-large,5,neutral,dovish,28
ECB,FED,roberta-large,5,neutral,hawkish,36
ECB,FED,roberta-large,5,neutral,neutral,127
ECB,FED,roberta-large-dapt,1,dovish,dovish,57
ECB,FED,roberta-large-dapt,1,dovish,hawkish,15
ECB,FED,roberta-large-dapt,1,dovish,neutral,32
ECB,FED,roberta-large-dapt,1,hawkish,dovish,23
ECB,FED,roberta-large-dapt,1,hawkish,hawkish,65
ECB,FED,roberta-large-dapt,1,hawkish,neutral,24
ECB,FED,roberta-large-dapt,1,neutral,dovish,26
ECB,FED,roberta-large-dapt,1,neutral,hawkish,29
ECB,FED,roberta-large-dapt,1,neutral,neutral,136
ECB,FED,roberta-large-dapt,2,dovish,dovish,59
ECB,FED,roberta-large-dapt,2,dovish,hawkish,12
ECB,FED,roberta-large-dapt,2,dovish,neutral,33
ECB,FED,roberta-large-dapt,2,hawkish,dovish,16
ECB,FED,roberta-large-dapt,2,hawkish,hawkish,66
ECB,FED,roberta-large-dapt,2,hawkish,neutral,30
ECB,FED,roberta-large-dapt,2,neutral,dovish,14
ECB,FED,roberta-large-dapt,2,neutral,hawkish,22
ECB,FED,roberta-large-dapt,2,neutral,neutral,155
ECB,FED,roberta-large-dapt,3,dovish,dovish,55
ECB,FED,roberta-large-dapt,3,dovish,hawkish,11
ECB,FED,roberta-large-dapt,3,dovish,neutral,38
ECB,FED,roberta-large-dapt,3,hawkish,dovish,16
ECB,FED,roberta-large-dapt,3,hawkish,hawkish,61
ECB,FED,roberta-large-dapt,3,hawkish,neutral,35
ECB,FED,roberta-large-dapt,3,neutral,dovish,14
ECB,FED,roberta-large-dapt,3,neutral,hawkish,25
ECB,FED,roberta-large-dapt,3,neutral,neutral,152
ECB,FED,roberta-large-dapt,4,dovish,dovish,53
ECB,FED,roberta-large-dapt,4,dovish,hawkish,6
ECB,FED,roberta-large-dapt,4,dovish,neutral,45
ECB,FED,roberta-large-dapt,4,hawkish,dovish,15
ECB,FED,roberta-large-dapt,4,hawkish,hawkish,59
ECB,FED,roberta-large-dapt,4,hawkish,neutral,38
ECB,FED,roberta-large-dapt,4,neutral,dovish,9
ECB,FED,roberta-large-dapt,4,neutral,hawkish,24
ECB,FED,roberta-large-dapt,4,neutral,neutral,158
ECB,FED,roberta-large-dapt,5,dovish,dovish,65
ECB,FED,roberta-large-dapt,5,dovish,hawkish,11
ECB,FED,roberta-large-dapt,5,dovish,neutral,28
ECB,FED,roberta-large-dapt,5,hawkish,dovish,21
ECB,FED,roberta-large-dapt,5,hawkish,hawkish,67
ECB,FED,roberta-large-dapt,5,hawkish,neutral,24
ECB,FED,roberta-large-dapt,5,neutral,dovish,17
ECB,FED,roberta-large-dapt,5,neutral,hawkish,36
ECB,FED,roberta-large-dapt,5,neutral,neutral,138
FED,ECB,deberta-v3,1,dovish,dovish,34
FED,ECB,deberta-v3,1,dovish,hawkish,60
FED,ECB,deberta-v3,1,dovish,neutral,11
FED,ECB,deberta-v3,1,hawkish,dovish,41
FED,ECB,deberta-v3,1,hawkish,hawkish,83
FED,ECB,deberta-v3,1,hawkish,neutral,15
FED,ECB,deberta-v3,1,neutral,dovish,22
FED,ECB,deberta-v3,1,neutral,hawkish,46
FED,ECB,deberta-v3,1,neutral,neutral,93
FED,ECB,deberta-v3,2,dovish,dovish,46
FED,ECB,deberta-v3,2,dovish,hawkish,31
FED,ECB,deberta-v3,2,dovish,neutral,28
FED,ECB,deberta-v3,2,hawkish,dovish,74
FED,ECB,deberta-v3,2,hawkish,hawkish,29
FED,ECB,deberta-v3,2,hawkish,neutral,36
FED,ECB,deberta-v3,2,neutral,dovish,39
FED,ECB,deberta-v3,2,neutral,hawkish,23
FED,ECB,deberta-v3,2,neutral,neutral,99
FED,ECB,deberta-v3,3,dovish,dovish,68
FED,ECB,deberta-v3,3,dovish,hawkish,20
FED,ECB,deberta-v3,3,dovish,neutral,17
FED,ECB,deberta-v3,3,hawkish,dovish,108
FED,ECB,deberta-v3,3,hawkish,hawkish,6
FED,ECB,deberta-v3,3,hawkish,neutral,25
FED,ECB,deberta-v3,3,neutral,dovish,65
FED,ECB,deberta-v3,3,neutral,hawkish,1
FED,ECB,deberta-v3,3,neutral,neutral,95
FED,ECB,deberta-v3,4,dovish,dovish,18
FED,ECB,deberta-v3,4,dovish,hawkish,77
FED,ECB,deberta-v3,4,dovish,neutral,10
FED,ECB,deberta-v3,4,hawkish,dovish,44
FED,ECB,deberta-v3,4,hawkish,hawkish,72
FED,ECB,deberta-v3,4,hawkish,neutral,23
FED,ECB,deberta-v3,4,neutral,dovish,25
FED,ECB,deberta-v3,4,neutral,hawkish,56
FED,ECB,deberta-v3,4,neutral,neutral,80
FED,ECB,deberta-v3,5,dovish,dovish,26
FED,ECB,deberta-v3,5,dovish,hawkish,63
FED,ECB,deberta-v3,5,dovish,neutral,16
FED,ECB,deberta-v3,5,hawkish,dovish,49
FED,ECB,deberta-v3,5,hawkish,hawkish,69
FED,ECB,deberta-v3,5,hawkish,neutral,21
FED,ECB,deberta-v3,5,neutral,dovish,15
FED,ECB,deberta-v3,5,neutral,hawkish,43
FED,ECB,deberta-v3,5,neutral,neutral,103
FED,ECB,finbert,1,dovish,dovish,51
FED,ECB,finbert,1,dovish,hawkish,35
FED,ECB,finbert,1,dovish,neutral,19
FED,ECB,finbert,1,hawkish,dovish,35
FED,ECB,finbert,1,hawkish,hawkish,80
FED,ECB,finbert,1,hawkish,neutral,24
FED,ECB,finbert,1,neutral,dovish,15
FED,ECB,finbert,1,neutral,hawkish,35
FED,ECB,finbert,1,neutral,neutral,111
FED,ECB,finbert,2,dovish,dovish,55
FED,ECB,finbert,2,dovish,hawkish,32
FED,ECB,finbert,2,dovish,neutral,18
FED,ECB,finbert,2,hawkish,dovish,35
FED,ECB,finbert,2,hawkish,hawkish,77
FED,ECB,finbert,2,hawkish,neutral,27
FED,ECB,finbert,2,neutral,dovish,30
FED,ECB,finbert,2,neutral,hawkish,35
FED,ECB,finbert,2,neutral,neutral,96
FED,ECB,finbert,3,dovish,dovish,47
FED,ECB,finbert,3,dovish,hawkish,39
FED,ECB,finbert,3,dovish,neutral,19
FED,ECB,finbert,3,hawkish,dovish,25
FED,ECB,finbert,3,hawkish,hawkish,85
FED,ECB,finbert,3,hawkish,neutral,29
FED,ECB,finbert,3,neutral,dovish,18
FED,ECB,finbert,3,neutral,hawkish,43
FED,ECB,finbert,3,neutral,neutral,100
FED,ECB,finbert,4,dovish,dovish,60
FED,ECB,finbert,4,dovish,hawkish,27
FED,ECB,finbert,4,dovish,neutral,18
FED,ECB,finbert,4,hawkish,dovish,39
FED,ECB,finbert,4,hawkish,hawkish,74
FED,ECB,finbert,4,hawkish,neutral,26
FED,ECB,finbert,4,neutral,dovish,21
FED,ECB,finbert,4,neutral,hawkish,33
FED,ECB,finbert,4,neutral,neutral,107
FED,ECB,finbert,5,dovish,dovish,60
FED,ECB,finbert,5,dovish,hawkish,21
FED,ECB,finbert,5,dovish,neutral,24
FED,ECB,finbert,5,hawkish,dovish,44
FED,ECB,finbert,5,hawkish,hawkish,58
FED,ECB,finbert,5,hawkish,neutral,37
FED,ECB,finbert,5,neutral,dovish,35
FED,ECB,finbert,5,neutral,hawkish,19
FED,ECB,finbert,5,neutral,neutral,107
FED,ECB,finbert-tone,1,dovish,dovish,10
FED,ECB,finbert-tone,1,dovish,hawkish,69
FED,ECB,finbert-tone,1,dovish,neutral,26
FED,ECB,finbert-tone,1,hawkish,dovish,29
FED,ECB,finbert-tone,1,hawkish,hawkish,66
FED,ECB,finbert-tone,1,hawkish,neutral,44
FED,ECB,finbert-tone,1,neutral,dovish,17
FED,ECB,finbert-tone,1,neutral,hawkish,26
FED,ECB,finbert-tone,1,neutral,neutral,118
FED,ECB,finbert-tone,2,dovish,dovish,12
FED,ECB,finbert-tone,2,dovish,hawkish,68
FED,ECB,finbert-tone,2,dovish,neutral,25
FED,ECB,finbert-tone,2,hawkish,dovish,24
FED,ECB,finbert-tone,2,hawkish,hawkish,59
FED,ECB,finbert-tone,2,hawkish,neutral,56
FED,ECB,finbert-tone,2,neutral,dovish,16
FED,ECB,finbert-tone,2,neutral,hawkish,22
FED,ECB,finbert-tone,2,neutral,neutral,123
FED,ECB,finbert-tone,3,dovish,dovish,15
FED,ECB,finbert-tone,3,dovish,hawkish,62
FED,ECB,finbert-tone,3,dovish,neutral,28
FED,ECB,finbert-tone,3,hawkish,dovish,32
FED,ECB,finbert-tone,3,hawkish,hawkish,53
FED,ECB,finbert-tone,3,hawkish,neutral,54
FED,ECB,finbert-tone,3,neutral,dovish,20
FED,ECB,finbert-tone,3,neutral,hawkish,23
FED,ECB,finbert-tone,3,neutral,neutral,118
FED,ECB,finbert-tone,4,dovish,dovish,13
FED,ECB,finbert-tone,4,dovish,hawkish,64
FED,ECB,finbert-tone,4,dovish,neutral,28
FED,ECB,finbert-tone,4,hawkish,dovish,23
FED,ECB,finbert-tone,4,hawkish,hawkish,76
FED,ECB,finbert-tone,4,hawkish,neutral,40
FED,ECB,finbert-tone,4,neutral,dovish,11
FED,ECB,finbert-tone,4,neutral,hawkish,28
FED,ECB,finbert-tone,4,neutral,neutral,122
FED,ECB,finbert-tone,5,dovish,dovish,5
FED,ECB,finbert-tone,5,dovish,hawkish,68
FED,ECB,finbert-tone,5,dovish,neutral,32
FED,ECB,finbert-tone,5,hawkish,dovish,21
FED,ECB,finbert-tone,5,hawkish,hawkish,64
FED,ECB,finbert-tone,5,hawkish,neutral,54
FED,ECB,finbert-tone,5,neutral,dovish,8
FED,ECB,finbert-tone,5,neutral,hawkish,23
FED,ECB,finbert-tone,5,neutral,neutral,130
FED,ECB,roberta-base,1,dovish,dovish,40
FED,ECB,roberta-base,1,dovish,hawkish,34
FED,ECB,roberta-base,1,dovish,neutral,31
FED,ECB,roberta-base,1,hawkish,dovish,40
FED,ECB,roberta-base,1,hawkish,hawkish,59
FED,ECB,roberta-base,1,hawkish,neutral,40
FED,ECB,roberta-base,1,neutral,dovish,31
FED,ECB,roberta-base,1,neutral,hawkish,18
FED,ECB,roberta-base,1,neutral,neutral,112
FED,ECB,roberta-base,2,dovish,dovish,47
FED,ECB,roberta-base,2,dovish,hawkish,39
FED,ECB,roberta-base,2,dovish,neutral,19
FED,ECB,roberta-base,2,hawkish,dovish,21
FED,ECB,roberta-base,2,hawkish,hawkish,88
FED,ECB,roberta-base,2,hawkish,neutral,30
FED,ECB,roberta-base,2,neutral,dovish,17
FED,ECB,roberta-base,2,neutral,hawkish,37
FED,ECB,roberta-base,2,neutral,neutral,107
FED,ECB,roberta-base,3,dovish,dovish,69
FED,ECB,roberta-base,3,dovish,hawkish,23
FED,ECB,roberta-base,3,dovish,neutral,13
FED,ECB,roberta-base,3,hawkish,dovish,28
FED,ECB,roberta-base,3,hawkish,hawkish,86
FED,ECB,roberta-base,3,hawkish,neutral,25
FED,ECB,roberta-base,3,neutral,dovish,41
FED,ECB,roberta-base,3,neutral,hawkish,33
FED,ECB,roberta-base,3,neutral,neutral,87
FED,ECB,roberta-base,4,dovish,dovish,35
FED,ECB,roberta-base,4,dovish,hawkish,57
FED,ECB,roberta-base,4,dovish,neutral,13
FED,ECB,roberta-base,4,hawkish,dovish,18
FED,ECB,roberta-base,4,hawkish,hawkish,97
FED,ECB,roberta-base,4,hawkish,neutral,24
FED,ECB,roberta-base,4,neutral,dovish,12
FED,ECB,roberta-base,4,neutral,hawkish,61
FED,ECB,roberta-base,4,neutral,neutral,88
FED,ECB,roberta-base,5,dovish,dovish,29
FED,ECB,roberta-base,5,dovish,hawkish,46
FED,ECB,roberta-base,5,dovish,neutral,30
FED,ECB,roberta-base,5,hawkish,dovish,27
FED,ECB,roberta-base,5,hawkish,hawkish,73
FED,ECB,roberta-base,5,hawkish,neutral,39
FED,ECB,roberta-base,5,neutral,dovish,29
FED,ECB,roberta-base,5,neutral,hawkish,21
FED,ECB,roberta-base,5,neutral,neutral,111
FED,ECB,roberta-dapt,1,dovish,dovish,47
FED,ECB,roberta-dapt,1,dovish,hawkish,40
FED,ECB,roberta-dapt,1,dovish,neutral,18
FED,ECB,roberta-dapt,1,hawkish,dovish,31
FED,ECB,roberta-dapt,1,hawkish,hawkish,81
FED,ECB,roberta-dapt,1,hawkish,neutral,27
FED,ECB,roberta-dapt,1,neutral,dovish,27
FED,ECB,roberta-dapt,1,neutral,hawkish,23
FED,ECB,roberta-dapt,1,neutral,neutral,111
FED,ECB,roberta-dapt,2,dovish,dovish,39
FED,ECB,roberta-dapt,2,dovish,hawkish,41
FED,ECB,roberta-dapt,2,dovish,neutral,25
FED,ECB,roberta-dapt,2,hawkish,dovish,13
FED,ECB,roberta-dapt,2,hawkish,hawkish,87
FED,ECB,roberta-dapt,2,hawkish,neutral,39
FED,ECB,roberta-dapt,2,neutral,dovish,20
FED,ECB,roberta-dapt,2,neutral,hawkish,25
FED,ECB,roberta-dapt,2,neutral,neutral,116
FED,ECB,roberta-dapt,3,dovish,dovish,25
FED,ECB,roberta-dapt,3,dovish,hawkish,45
FED,ECB,roberta-dapt,3,dovish,neutral,35
FED,ECB,roberta-dapt,3,hawkish,dovish,17
FED,ECB,roberta-dapt,3,hawkish,hawkish,87
FED,ECB,roberta-dapt,3,hawkish,neutral,35
FED,ECB,roberta-dapt,3,neutral,dovish,10
FED,ECB,roberta-dapt,3,neutral,hawkish,34
FED,ECB,roberta-dapt,3,neutral,neutral,117
FED,ECB,roberta-dapt,4,dovish,dovish,49
FED,ECB,roberta-dapt,4,dovish,hawkish,37
FED,ECB,roberta-dapt,4,dovish,neutral,19
FED,ECB,roberta-dapt,4,hawkish,dovish,25
FED,ECB,roberta-dapt,4,hawkish,hawkish,77
FED,ECB,roberta-dapt,4,hawkish,neutral,37
FED,ECB,roberta-dapt,4,neutral,dovish,17
FED,ECB,roberta-dapt,4,neutral,hawkish,34
FED,ECB,roberta-dapt,4,neutral,neutral,110
FED,ECB,roberta-dapt,5,dovish,dovish,69
FED,ECB,roberta-dapt,5,dovish,hawkish,13
FED,ECB,roberta-dapt,5,dovish,neutral,23
FED,ECB,roberta-dapt,5,hawkish,dovish,25
FED,ECB,roberta-dapt,5,hawkish,hawkish,72
FED,ECB,roberta-dapt,5,hawkish,neutral,42
FED,ECB,roberta-dapt,5,neutral,dovish,17
FED,ECB,roberta-dapt,5,neutral,hawkish,20
FED,ECB,roberta-dapt,5,neutral,neutral,124
FED,ECB,roberta-large,1,dovish,dovish,55
FED,ECB,roberta-large,1,dovish,hawkish,35
FED,ECB,roberta-large,1,dovish,neutral,15
FED,ECB,roberta-large,1,hawkish,dovish,33
FED,ECB,roberta-large,1,hawkish,hawkish,80
FED,ECB,roberta-large,1,hawkish,neutral,26
FED,ECB,roberta-large,1,neutral,dovish,25
FED,ECB,roberta-large,1,neutral,hawkish,15
FED,ECB,roberta-large,1,neutral,neutral,121
FED,ECB,roberta-large,2,dovish,dovish,31
FED,ECB,roberta-large,2,dovish,hawkish,38
FED,ECB,roberta-large,2,dovish,neutral,36
FED,ECB,roberta-large,2,hawkish,dovish,19
FED,ECB,roberta-large,2,hawkish,hawkish,79
FED,ECB,roberta-large,2,hawkish,neutral,41
FED,ECB,roberta-large,2,neutral,dovish,13
FED,ECB,roberta-large,2,neutral,hawkish,21
FED,ECB,roberta-large,2,neutral,neutral,127
FED,ECB,roberta-large,3,dovish,dovish,28
FED,ECB,roberta-large,3,dovish,hawkish,63
FED,ECB,roberta-large,3,dovish,neutral,14
FED,ECB,roberta-large,3,hawkish,dovish,11
FED,ECB,roberta-large,3,hawkish,hawkish,102
FED,ECB,roberta-large,3,hawkish,neutral,26
FED,ECB,roberta-large,3,neutral,dovish,12
FED,ECB,roberta-large,3,neutral,hawkish,44
FED,ECB,roberta-large,3,neutral,neutral,105
FED,ECB,roberta-large,4,dovish,dovish,61
FED,ECB,roberta-large,4,dovish,hawkish,27
FED,ECB,roberta-large,4,dovish,neutral,17
FED,ECB,roberta-large,4,hawkish,dovish,25
FED,ECB,roberta-large,4,hawkish,hawkish,85
FED,ECB,roberta-large,4,hawkish,neutral,29
FED,ECB,roberta-large,4,neutral,dovish,33
FED,ECB,roberta-large,4,neutral,hawkish,24
FED,ECB,roberta-large,4,neutral,neutral,104
FED,ECB,roberta-large,5,dovish,dovish,51
FED,ECB,roberta-large,5,dovish,hawkish,35
FED,ECB,roberta-large,5,dovish,neutral,19
FED,ECB,roberta-large,5,hawkish,dovish,24
FED,ECB,roberta-large,5,hawkish,hawkish,78
FED,ECB,roberta-large,5,hawkish,neutral,37
FED,ECB,roberta-large,5,neutral,dovish,33
FED,ECB,roberta-large,5,neutral,hawkish,18
FED,ECB,roberta-large,5,neutral,neutral,110
FED,ECB,roberta-large-dapt,1,dovish,dovish,34
FED,ECB,roberta-large-dapt,1,dovish,hawkish,37
FED,ECB,roberta-large-dapt,1,dovish,neutral,34
FED,ECB,roberta-large-dapt,1,hawkish,dovish,18
FED,ECB,roberta-large-dapt,1,hawkish,hawkish,98
FED,ECB,roberta-large-dapt,1,hawkish,neutral,23
FED,ECB,roberta-large-dapt,1,neutral,dovish,12
FED,ECB,roberta-large-dapt,1,neutral,hawkish,31
FED,ECB,roberta-large-dapt,1,neutral,neutral,118
FED,ECB,roberta-large-dapt,2,dovish,dovish,33
FED,ECB,roberta-large-dapt,2,dovish,hawkish,38
FED,ECB,roberta-large-dapt,2,dovish,neutral,34
FED,ECB,roberta-large-dapt,2,hawkish,dovish,17
FED,ECB,roberta-large-dapt,2,hawkish,hawkish,86
FED,ECB,roberta-large-dapt,2,hawkish,neutral,36
FED,ECB,roberta-large-dapt,2,neutral,dovish,7
FED,ECB,roberta-large-dapt,2,neutral,hawkish,19
FED,ECB,roberta-large-dapt,2,neutral,neutral,135
FED,ECB,roberta-large-dapt,3,dovish,dovish,37
FED,ECB,roberta-large-dapt,3,dovish,hawkish,39
FED,ECB,roberta-large-dapt,3,dovish,neutral,29
FED,ECB,roberta-large-dapt,3,hawkish,dovish,16
FED,ECB,roberta-large-dapt,3,hawkish,hawkish,92
FED,ECB,roberta-large-dapt,3,hawkish,neutral,31
FED,ECB,roberta-large-dapt,3,neutral,dovish,16
FED,ECB,roberta-large-dapt,3,neutral,hawkish,35
FED,ECB,roberta-large-dapt,3,neutral,neutral,110
FED,ECB,roberta-large-dapt,4,dovish,dovish,35
FED,ECB,roberta-large-dapt,4,dovish,hawkish,57
FED,ECB,roberta-large-dapt,4,dovish,neutral,13
FED,ECB,roberta-large-dapt,4,hawkish,dovish,27
FED,ECB,roberta-large-dapt,4,hawkish,hawkish,95
FED,ECB,roberta-large-dapt,4,hawkish,neutral,17
FED,ECB,roberta-large-dapt,4,neutral,dovish,16
FED,ECB,roberta-large-dapt,4,neutral,hawkish,51
FED,ECB,roberta-large-dapt,4,neutral,neutral,94
FED,ECB,roberta-large-dapt,5,dovish,dovish,50
FED,ECB,roberta-large-dapt,5,dovish,hawkish,42
FED,ECB,roberta-large-dapt,5,dovish,neutral,13
FED,ECB,roberta-large-dapt,5,hawkish,dovish,18
FED,ECB,roberta-large-dapt,5,hawkish,hawkish,98
FED,ECB,roberta-large-dapt,5,hawkish,neutral,23
FED,ECB,roberta-large-dapt,5,neutral,dovish,18
FED,ECB,roberta-large-dapt,5,neutral,hawkish,27
FED,ECB,roberta-large-dapt,5,neutral,neutral,116
FED,FED,deberta-v3,1,dovish,dovish,52
FED,FED,deberta-v3,1,dovish,hawkish,34
FED,FED,deberta-v3,1,dovish,neutral,18
FED,FED,deberta-v3,1,hawkish,dovish,26
FED,FED,deberta-v3,1,hawkish,hawkish,53
FED,FED,deberta-v3,1,hawkish,neutral,33
FED,FED,deberta-v3,1,neutral,dovish,19
FED,FED,deberta-v3,1,neutral,hawkish,41
FED,FED,deberta-v3,1,neutral,neutral,131
FED,FED,deberta-v3,2,dovish,dovish,62
FED,FED,deberta-v3,2,dovish,hawkish,17
FED,FED,deberta-v3,2,dovish,neutral,25
FED,FED,deberta-v3,2,hawkish,dovish,40
FED,FED,deberta-v3,2,hawkish,hawkish,20
FED,FED,deberta-v3,2,hawkish,neutral,52
FED,FED,deberta-v3,2,neutral,dovish,18
FED,FED,deberta-v3,2,neutral,hawkish,20
FED,FED,deberta-v3,2,neutral,neutral,153
FED,FED,deberta-v3,3,dovish,dovish,61
FED,FED,deberta-v3,3,dovish,hawkish,7
FED,FED,deberta-v3,3,dovish,neutral,36
FED,FED,deberta-v3,3,hawkish,dovish,55
FED,FED,deberta-v3,3,hawkish,hawkish,1
FED,FED,deberta-v3,3,hawkish,neutral,56
FED,FED,deberta-v3,3,neutral,dovish,51
FED,FED,deberta-v3,3,neutral,hawkish,7
FED,FED,deberta-v3,3,neutral,neutral,133
FED,FED,deberta-v3,4,dovish,dovish,49
FED,FED,deberta-v3,4,dovish,hawkish,39
FED,FED,deberta-v3,4,dovish,neutral,16
FED,FED,deberta-v3,4,hawkish,dovish,25
FED,FED,deberta-v3,4,hawkish,hawkish,44
FED,FED,deberta-v3,4,hawkish,neutral,43
FED,FED,deberta-v3,4,neutral,dovish,16
FED,FED,deberta-v3,4,neutral,hawkish,33
FED,FED,deberta-v3,4,neutral,neutral,142
FED,FED,deberta-v3,5,dovish,dovish,62
FED,FED,deberta-v3,5,dovish,hawkish,25
FED,FED,deberta-v3,5,dovish,neutral,17
FED,FED,deberta-v3,5,hawkish,dovish,37
FED,FED,deberta-v3,5,hawkish,hawkish,39
FED,FED,deberta-v3,5,hawkish,neutral,36
FED,FED,deberta-v3,5,neutral,dovish,15
FED,FED,deberta-v3,5,neutral,hawkish,36
FED,FED,deberta-v3,5,neutral,neutral,140
FED,FED,finbert,1,dovish,dovish,56
FED,FED,finbert,1,dovish,hawkish,22
FED,FED,finbert,1,dovish,neutral,26
FED,FED,finbert,1,hawkish,dovish,21
FED,FED,finbert,1,hawkish,hawkish,53
FED,FED,finbert,1,hawkish,neutral,38
FED,FED,finbert,1,neutral,dovish,12
FED,FED,finbert,1,neutral,hawkish,19
FED,FED,finbert,1,neutral,neutral,160
FED,FED,finbert,2,dovish,dovish,52
FED,FED,finbert,2,dovish,hawkish,22
FED,FED,finbert,2,dovish,neutral,30
FED,FED,finbert,2,hawkish,dovish,20
FED,FED,finbert,2,hawkish,hawkish,58
FED,FED,finbert,2,hawkish,neutral,34
FED,FED,finbert,2,neutral,dovish,17
FED,FED,finbert,2,neutral,hawkish,23
FED,FED,finbert,2,neutral,neutral,151
FED,FED,finbert,3,dovish,dovish,53
FED,FED,finbert,3,dovish,hawkish,23
FED,FED,finbert,3,dovish,neutral,28
FED,FED,finbert,3,hawkish,dovish,15
FED,FED,finbert,3,hawkish,hawkish,61
FED,FED,finbert,3,hawkish,neutral,36
FED,FED,finbert,3,neutral,dovish,21
FED,FED,finbert,3,neutral,hawkish,17
FED,FED,finbert,3,neutral,neutral,153
FED,FED,finbert,4,dovish,dovish,59
FED,FED,finbert,4,dovish,hawkish,19
FED,FED,finbert,4,dovish,neutral,26
FED,FED,finbert,4,hawkish,dovish,27
FED,FED,finbert,4,hawkish,hawkish,50
FED,FED,finbert,4,hawkish,neutral,35
FED,FED,finbert,4,neutral,dovish,20
FED,FED,finbert,4,neutral,hawkish,18
FED,FED,finbert,4,neutral,neutral,153
FED,FED,finbert,5,dovish,dovish,62
FED,FED,finbert,5,dovish,hawkish,14
FED,FED,finbert,5,dovish,neutral,28
FED,FED,finbert,5,hawkish,dovish,27
FED,FED,finbert,5,hawkish,hawkish,46
FED,FED,finbert,5,hawkish,neutral,39
FED,FED,finbert,5,neutral,dovish,21
FED,FED,finbert,5,neutral,hawkish,14
FED,FED,finbert,5,neutral,neutral,156
FED,FED,finbert-tone,1,dovish,dovish,56
FED,FED,finbert-tone,1,dovish,hawkish,23
FED,FED,finbert-tone,1,dovish,neutral,25
FED,FED,finbert-tone,1,hawkish,dovish,25
FED,FED,finbert-tone,1,hawkish,hawkish,52
FED,FED,finbert-tone,1,hawkish,neutral,35
FED,FED,finbert-tone,1,neutral,dovish,25
FED,FED,finbert-tone,1,neutral,hawkish,27
FED,FED,finbert-tone,1,neutral,neutral,139
FED,FED,finbert-tone,2,dovish,dovish,58
FED,FED,finbert-tone,2,dovish,hawkish,15
FED,FED,finbert-tone,2,dovish,neutral,31
FED,FED,finbert-tone,2,hawkish,dovish,29
FED,FED,finbert-tone,2,hawkish,hawkish,43
FED,FED,finbert-tone,2,hawkish,neutral,40
FED,FED,finbert-tone,2,neutral,dovish,25
FED,FED,finbert-tone,2,neutral,hawkish,13
FED,FED,finbert-tone,2,neutral,neutral,153
FED,FED,finbert-tone,3,dovish,dovish,57
FED,FED,finbert-tone,3,dovish,hawkish,18
FED,FED,finbert-tone,3,dovish,neutral,29
FED,FED,finbert-tone,3,hawkish,dovish,16
FED,FED,finbert-tone,3,hawkish,hawkish,60
FED,FED,finbert-tone,3,hawkish,neutral,36
FED,FED,finbert-tone,3,neutral,dovish,24
FED,FED,finbert-tone,3,neutral,hawkish,24
FED,FED,finbert-tone,3,neutral,neutral,143
FED,FED,finbert-tone,4,dovish,dovish,60
FED,FED,finbert-tone,4,dovish,hawkish,21
FED,FED,finbert-tone,4,dovish,neutral,23
FED,FED,finbert-tone,4,hawkish,dovish,23
FED,FED,finbert-tone,4,hawkish,hawkish,59
FED,FED,finbert-tone,4,hawkish,neutral,30
FED,FED,finbert-tone,4,neutral,dovish,20
FED,FED,finbert-tone,4,neutral,hawkish,17
FED,FED,finbert-tone,4,neutral,neutral,154
FED,FED,finbert-tone,5,dovish,dovish,50
FED,FED,finbert-tone,5,dovish,hawkish,18
FED,FED,finbert-tone,5,dovish,neutral,36
FED,FED,finbert-tone,5,hawkish,dovish,20
FED,FED,finbert-tone,5,hawkish,hawkish,46
FED,FED,finbert-tone,5,hawkish,neutral,46
FED,FED,finbert-tone,5,neutral,dovish,22
FED,FED,finbert-tone,5,neutral,hawkish,16
FED,FED,finbert-tone,5,neutral,neutral,153
FED,FED,roberta-base,1,dovish,dovish,73
FED,FED,roberta-base,1,dovish,hawkish,11
FED,FED,roberta-base,1,dovish,neutral,20
FED,FED,roberta-base,1,hawkish,dovish,23
FED,FED,roberta-base,1,hawkish,hawkish,50
FED,FED,roberta-base,1,hawkish,neutral,39
FED,FED,roberta-base,1,neutral,dovish,12
FED,FED,roberta-base,1,neutral,hawkish,22
FED,FED,roberta-base,1,neutral,neutral,157
FED,FED,roberta-base,2,dovish,dovish,69
FED,FED,roberta-base,2,dovish,hawkish,18
FED,FED,roberta-base,2,dovish,neutral,17
FED,FED,roberta-base,2,hawkish,dovish,8
FED,FED,roberta-base,2,hawkish,hawkish,75
FED,FED,roberta-base,2,hawkish,neutral,29
FED,FED,roberta-base,2,neutral,dovish,11
FED,FED,roberta-base,2,neutral,hawkish,39
FED,FED,roberta-base,2,neutral,neutral,141
FED,FED,roberta-base,3,dovish,dovish,71
FED,FED,roberta-base,3,dovish,hawkish,19
FED,FED,roberta-base,3,dovish,neutral,14
FED,FED,roberta-base,3,hawkish,dovish,16
FED,FED,roberta-base,3,hawkish,hawkish,69
FED,FED,roberta-base,3,hawkish,neutral,27
FED,FED,roberta-base,3,neutral,dovish,18
FED,FED,roberta-base,3,neutral,hawkish,36
FED,FED,roberta-base,3,neutral,neutral,137
FED,FED,roberta-base,4,dovish,dovish,61
FED,FED,roberta-base,4,dovish,hawkish,29
FED,FED,roberta-base,4,dovish,neutral,14
FED,FED,roberta-base,4,hawkish,dovish,4
FED,FED,roberta-base,4,hawkish,hawkish,83
FED,FED,roberta-base,4,hawkish,neutral,25
FED,FED,roberta-base,4,neutral,dovish,2
FED,FED,roberta-base,4,neutral,hawkish,44
FED,FED,roberta-base,4,neutral,neutral,145
FED,FED,roberta-base,5,dovish,dovish,63
FED,FED,roberta-base,5,dovish,hawkish,20
FED,FED,roberta-base,5,dovish,neutral,21
FED,FED,roberta-base,5,hawkish,dovish,15
FED,FED,roberta-base,5,hawkish,hawkish,63
FED,FED,roberta-base,5,hawkish,neutral,34
FED,FED,roberta-base,5,neutral,dovish,20
FED,FED,roberta-base,5,neutral,hawkish,16
FED,FED,roberta-base,5,neutral,neutral,155
FED,FED,roberta-dapt,1,dovish,dovish,74
FED,FED,roberta-dapt,1,dovish,hawkish,12
FED,FED,roberta-dapt,1,dovish,neutral,18
FED,FED,roberta-dapt,1,hawkish,dovish,32
FED,FED,roberta-dapt,1,hawkish,hawkish,48
FED,FED,roberta-dapt,1,hawkish,neutral,32
FED,FED,roberta-dapt,1,neutral,dovish,20
FED,FED,roberta-dapt,1,neutral,hawkish,20
FED,FED,roberta-dapt,1,neutral,neutral,151
FED,FED,roberta-dapt,2,dovish,dovish,67
FED,FED,roberta-dapt,2,dovish,hawkish,20
FED,FED,roberta-dapt,2,dovish,neutral,17
FED,FED,roberta-dapt,2,hawkish,dovish,6
FED,FED,roberta-dapt,2,hawkish,hawkish,75
FED,FED,roberta-dapt,2,hawkish,neutral,31
FED,FED,roberta-dapt,2,neutral,dovish,19
FED,FED,roberta-dapt,2,neutral,hawkish,33
FED,FED,roberta-dapt,2,neutral,neutral,139
FED,FED,roberta-dapt,3,dovish,dovish,66
FED,FED,roberta-dapt,3,dovish,hawkish,19
FED,FED,roberta-dapt,3,dovish,neutral,19
FED,FED,roberta-dapt,3,hawkish,dovish,9
FED,FED,roberta-dapt,3,hawkish,hawkish,64
FED,FED,roberta-dapt,3,hawkish,neutral,39
FED,FED,roberta-dapt,3,neutral,dovish,6
FED,FED,roberta-dapt,3,neutral,hawkish,37
FED,FED,roberta-dapt,3,neutral,neutral,148
FED,FED,roberta-dapt,4,dovish,dovish,77
FED,FED,roberta-dapt,4,dovish,hawkish,13
FED,FED,roberta-dapt,4,dovish,neutral,14
FED,FED,roberta-dapt,4,hawkish,dovish,14
FED,FED,roberta-dapt,4,hawkish,hawkish,61
FED,FED,roberta-dapt,4,hawkish,neutral,37
FED,FED,roberta-dapt,4,neutral,dovish,14
FED,FED,roberta-dapt,4,neutral,hawkish,18
FED,FED,roberta-dapt,4,neutral,neutral,159
FED,FED,roberta-dapt,5,dovish,dovish,76
FED,FED,roberta-dapt,5,dovish,hawkish,14
FED,FED,roberta-dapt,5,dovish,neutral,14
FED,FED,roberta-dapt,5,hawkish,dovish,22
FED,FED,roberta-dapt,5,hawkish,hawkish,60
FED,FED,roberta-dapt,5,hawkish,neutral,30
FED,FED,roberta-dapt,5,neutral,dovish,22
FED,FED,roberta-dapt,5,neutral,hawkish,26
FED,FED,roberta-dapt,5,neutral,neutral,143
FED,FED,roberta-large,1,dovish,dovish,76
FED,FED,roberta-large,1,dovish,hawkish,11
FED,FED,roberta-large,1,dovish,neutral,17
FED,FED,roberta-large,1,hawkish,dovish,9
FED,FED,roberta-large,1,hawkish,hawkish,73
FED,FED,roberta-large,1,hawkish,neutral,30
FED,FED,roberta-large,1,neutral,dovish,17
FED,FED,roberta-large,1,neutral,hawkish,20
FED,FED,roberta-large,1,neutral,neutral,154
FED,FED,roberta-large,2,dovish,dovish,61
FED,FED,roberta-large,2,dovish,hawkish,20
FED,FED,roberta-large,2,dovish,neutral,23
FED,FED,roberta-large,2,hawkish,dovish,10
FED,FED,roberta-large,2,hawkish,hawkish,65
FED,FED,roberta-large,2,hawkish,neutral,37
FED,FED,roberta-large,2,neutral,dovish,8
FED,FED,roberta-large,2,neutral,hawkish,20
FED,FED,roberta-large,2,neutral,neutral,163
FED,FED,roberta-large,3,dovish,dovish,56
FED,FED,roberta-large,3,dovish,hawkish,28
FED,FED,roberta-large,3,dovish,neutral,20
FED,FED,roberta-large,3,hawkish,dovish,5
FED,FED,roberta-large,3,hawkish,hawkish,79
FED,FED,roberta-large,3,hawkish,neutral,28
FED,FED,roberta-large,3,neutral,dovish,4
FED,FED,roberta-large,3,neutral,hawkish,33
FED,FED,roberta-large,3,neutral,neutral,154
FED,FED,roberta-large,4,dovish,dovish,64
FED,FED,roberta-large,4,dovish,hawkish,21
FED,FED,roberta-large,4,dovish,neutral,19
FED,FED,roberta-large,4,hawkish,dovish,9
FED,FED,roberta-large,4,hawkish,hawkish,69
FED,FED,roberta-large,4,hawkish,neutral,34
FED,FED,roberta-large,4,neutral,dovish,24
FED,FED,roberta-large,4,neutral,hawkish,24
FED,FED,roberta-large,4,neutral,neutral,143
FED,FED,roberta-large,5,dovish,dovish,66
FED,FED,roberta-large,5,dovish,hawkish,14
FED,FED,roberta-large,5,dovish,neutral,24
FED,FED,roberta-large,5,hawkish,dovish,13
FED,FED,roberta-large,5,hawkish,hawkish,66
FED,FED,roberta-large,5,hawkish,neutral,33
FED,FED,roberta-large,5,neutral,dovish,5
FED,FED,roberta-large,5,neutral,hawkish,21
FED,FED,roberta-large,5,neutral,neutral,165
FED,FED,roberta-large-dapt,1,dovish,dovish,74
FED,FED,roberta-large-dapt,1,dovish,hawkish,13
FED,FED,roberta-large-dapt,1,dovish,neutral,17
FED,FED,roberta-large-dapt,1,hawkish,dovish,13
FED,FED,roberta-large-dapt,1,hawkish,hawkish,74
FED,FED,roberta-large-dapt,1,hawkish,neutral,25
FED,FED,roberta-large-dapt,1,neutral,dovish,16
FED,FED,roberta-large-dapt,1,neutral,hawkish,24
FED,FED,roberta-large-dapt,1,neutral,neutral,151
FED,FED,roberta-large-dapt,2,dovish,dovish,64
FED,FED,roberta-large-dapt,2,dovish,hawkish,18
FED,FED,roberta-large-dapt,2,dovish,neutral,22
FED,FED,roberta-large-dapt,2,hawkish,dovish,9
FED,FED,roberta-large-dapt,2,hawkish,hawkish,69
FED,FED,roberta-large-dapt,2,hawkish,neutral,34
FED,FED,roberta-large-dapt,2,neutral,dovish,16
FED,FED,roberta-large-dapt,2,neutral,hawkish,33
FED,FED,roberta-large-dapt,2,neutral,neutral,142
FED,FED,roberta-large-dapt,3,dovish,dovish,72
FED,FED,roberta-large-dapt,3,dovish,hawkish,16
FED,FED,roberta-large-dapt,3,dovish,neutral,16
FED,FED,roberta-large-dapt,3,hawkish,dovish,14
FED,FED,roberta-large-dapt,3,hawkish,hawkish,67
FED,FED,roberta-large-dapt,3,hawkish,neutral,31
FED,FED,roberta-large-dapt,3,neutral,dovish,15
FED,FED,roberta-large-dapt,3,neutral,hawkish,22
FED,FED,roberta-large-dapt,3,neutral,neutral,154
FED,FED,roberta-large-dapt,4,dovish,dovish,65
FED,FED,roberta-large-dapt,4,dovish,hawkish,27
FED,FED,roberta-large-dapt,4,dovish,neutral,12
FED,FED,roberta-large-dapt,4,hawkish,dovish,8
FED,FED,roberta-large-dapt,4,hawkish,hawkish,85
FED,FED,roberta-large-dapt,4,hawkish,neutral,19
FED,FED,roberta-large-dapt,4,neutral,dovish,16
FED,FED,roberta-large-dapt,4,neutral,hawkish,45
FED,FED,roberta-large-dapt,4,neutral,neutral,130
FED,FED,roberta-large-dapt,5,dovish,dovish,70
FED,FED,roberta-large-dapt,5,dovish,hawkish,16
FED,FED,roberta-large-dapt,5,dovish,neutral,18
FED,FED,roberta-large-dapt,5,hawkish,dovish,10
FED,FED,roberta-large-dapt,5,hawkish,hawkish,76
FED,FED,roberta-large-dapt,5,hawkish,neutral,26
FED,FED,roberta-large-dapt,5,neutral,dovish,16
FED,FED,roberta-large-dapt,5,neutral,hawkish,24
FED,FED,roberta-large-dapt,5,neutral,neutral,151
