train_institution,eval_institution,model,metric,class,mean,std,n_runs
ECB,ECB,deberta-v3,precision,dovish,0.2839914323530853,0.1592225671069633,5
ECB,ECB,deberta-v3,precision,hawkish,0.20983980558448642,0.28737603712776943,5
ECB,ECB,deberta-v3,precision,neutral,0.6767006450339784,0.1781545463272505,5
ECB,ECB,deberta-v3,recall,dovish,0.5561904761904761,0.3331019605162558,5
ECB,ECB,deberta-v3,recall,hawkish,0.2143884892086331,0.2936626846775573,5
ECB,ECB,deberta-v3,recall,neutral,0.6583850931677018,0.20440351145222777,5
ECB,ECB,deberta-v3,f1,dovish,0.37243778374695063,0.20899472753707107,5
ECB,ECB,deberta-v3,f1,hawkish,0.21208713272543062,0.29047876049891275,5
ECB,ECB,deberta-v3,f1,neutral,0.6250589959965585,0.0363424599861207,5
ECB,ECB,finbert,precision,dovish,0.5153841075332383,0.046342248107580385,5
ECB,ECB,finbert,precision,hawkish,0.6145682151158214,0.02992596763829469,5
ECB,ECB,finbert,precision,neutral,0.7294728728771244,0.056357706374621216,5
ECB,ECB,finbert,recall,dovish,0.6819047619047619,0.07928249671720915,5
ECB,ECB,finbert,recall,hawkish,0.5640287769784174,0.0922155119088595,5
ECB,ECB,finbert,recall,neutral,0.6062111801242236,0.07925037469682773,5
ECB,ECB,finbert,f1,dovish,0.5823495116909478,0.011069153939082213,5
ECB,ECB,finbert,f1,hawkish,0.5830540317911311,0.03615140308885549,5
ECB,ECB,finbert,f1,neutral,0.6566520214069878,0.029502822025633584,5
ECB,ECB,finbert-tone,precision,dovish,0.5132963828472785,0.02657601280679563,5
ECB,ECB,finbert-tone,precision,hawkish,0.662580147605715,0.014755651581840811,5
ECB,ECB,finbert-tone,precision,neutral,0.7395076649848391,0.04911895252949881,5
ECB,ECB,finbert-tone,recall,dovish,0.6971428571428572,0.08286261613011885,5
ECB,ECB,finbert-tone,recall,hawkish,0.44892086330935255,0.021939497384139427,5
ECB,ECB,finbert-tone,recall,neutral,0.763975155279503,0.04988316274599072,5
ECB,ECB,finbert-tone,f1,dovish,0.5883576086742722,0.024336747197845805,5
ECB,ECB,finbert-tone,f1,hawkish,0.5349555279350925,0.01702544441138314,5
ECB,ECB,finbert-tone,f1,neutral,0.7491461099206057,0.01705507893268268,5
ECB,ECB,roberta-base,precision,dovish,0.5073876980313827,0.04870347831655618,5
ECB,ECB,roberta-base,precision,hawkish,0.6846696958791977,0.02010515875587092,5
ECB,ECB,roberta-base,precision,neutral,0.7746086569467915,0.029777610769526,5
ECB,ECB,roberta-base,recall,dovish,0.7961904761904763,0.037252585172586596,5
ECB,ECB,roberta-base,recall,hawkish,0.5467625899280575,0.07103747359040108,5
ECB,ECB,roberta-base,recall,neutral,0.6111801242236025,0.0522625688645034,5
ECB,ECB,roberta-base,f1,dovish,0.6174323578528423,0.02182510069264215,5
ECB,ECB,roberta-base,f1,hawkish,0.6054922282468038,0.04321877852588693,5
ECB,ECB,roberta-base,f1,neutral,0.6815004146618209,0.025798393618063454,5
ECB,ECB,roberta-dapt,precision,dovish,0.5135094270715721,0.022630239376344972,5
ECB,ECB,roberta-dapt,precision,hawkish,0.6747766227218646,0.04338838066569332,5
ECB,ECB,roberta-dapt,precision,neutral,0.8007227794240558,0.04726308495178708,5
ECB,ECB,roberta-dapt,recall,dovish,0.7923809523809524,0.05057492589467338,5
ECB,ECB,roberta-dapt,recall,hawkish,0.6,0.04947841399726445,5
ECB,ECB,roberta-dapt,recall,neutral,0.5838509316770187,0.05324977701702559,5
ECB,ECB,roberta-dapt,f1,dovish,0.6219011858198299,0.00970454514127572,5
ECB,ECB,roberta-dapt,f1,hawkish,0.6327987227926438,0.01981114608310933,5
ECB,ECB,roberta-dapt,f1,neutral,0.6730387433189893,0.027550848772689256,5
ECB,ECB,roberta-large,precision,dovish,0.5563823215871943,0.029556376784391332,5
ECB,ECB,roberta-large,precision,hawkish,0.7140445013448643,0.020930708109950097,5
ECB,ECB,roberta-large,precision,neutral,0.773281480365719,0.0329019999007924,5
ECB,ECB,roberta-large,recall,dovish,0.7390476190476191,0.043954212416054565,5
ECB,ECB,roberta-large,recall,hawkish,0.5971223021582733,0.03703464079491729,5
ECB,ECB,roberta-large,recall,neutral,0.7118012422360247,0.030618031164885033,5
ECB,ECB,roberta-large,f1,dovish,0.6336350153755141,0.018424726622489195,5
ECB,ECB,roberta-large,f1,hawkish,0.649560356448056,0.0190214753424754,5
ECB,ECB,roberta-large,f1,neutral,0.7402698526776346,0.009838007743406792,5
ECB,ECB,roberta-large-dapt,precision,dovish,0.5693667960471993,0.038760655944730646,5
ECB,ECB,roberta-large-dapt,precision,hawkish,0.717924033039721,0.02100933824257696,5
ECB,ECB,roberta-large-dapt,precision,neutral,0.782070135171472,0.0536388804607129,5
ECB,ECB,roberta-large-dapt,recall,dovish,0.76,0.0325764407171182,5
ECB,ECB,roberta-large-dapt,recall,hawkish,0.6057553956834532,0.03312478973588874,5
ECB,ECB,roberta-large-dapt,recall,neutral,0.7068322981366459,0.0653503524847833,5
ECB,ECB,roberta-large-dapt,f1,dovish,0.6494709541925501,0.014774744682883284,5
ECB,ECB,roberta-large-dapt,f1,hawkish,0.6564791444591805,0.01891758152805504,5
ECB,ECB,roberta-large-dapt,f1,neutral,0.7391735167688045,0.02494206894508306,5
ECB,FED,deberta-v3,precision,dovish,0.2726647807018365,0.15562266344791956,5
ECB,FED,deberta-v3,precision,hawkish,0.1870126019273536,0.25670792602062675,5
ECB,FED,deberta-v3,precision,neutral,0.6038713327166141,0.0811467977779755,5
ECB,FED,deberta-v3,recall,dovish,0.4115384615384615,0.2575954180653919,5
ECB,FED,deberta-v3,recall,hawkish,0.1375,0.18957188610128878,5
ECB,FED,deberta-v3,recall,neutral,0.7570680628272252,0.16425945415524276,5
ECB,FED,deberta-v3,f1,dovish,0.32598381184160496,0.19151713076149096,5
ECB,FED,deberta-v3,f1,hawkish,0.15766215253029223,0.21604468105493158,5
ECB,FED,deberta-v3,f1,neutral,0.6564552785574896,0.036077266184691585,5
ECB,FED,finbert,precision,dovish,0.4331292292378519,0.038011812528795215,5
ECB,FED,finbert,precision,hawkish,0.5733573896639246,0.02406082453561475,5
ECB,FED,finbert,precision,neutral,0.6474018727201768,0.028784818013618357,5
ECB,FED,finbert,recall,dovish,0.36346153846153845,0.05825050473408062,5
ECB,FED,finbert,recall,hawkish,0.4767857142857143,0.09096632590678594,5
ECB,FED,finbert,recall,neutral,0.7633507853403141,0.04243745367363233,5
ECB,FED,finbert,f1,dovish,0.39393130893130895,0.04512411967557032,5
ECB,FED,finbert,f1,hawkish,0.5153231174645039,0.044813567792785905,5
ECB,FED,finbert,f1,neutral,0.6992269277042846,0.0029328241718309766,5
ECB,FED,finbert-tone,precision,dovish,0.5134419456938197,0.031511070484655214,5
ECB,FED,finbert-tone,precision,hawkish,0.624596668569641,0.03504069019208207,5
ECB,FED,finbert-tone,precision,neutral,0.6033138716315283,0.021578785679597177,5
ECB,FED,finbert-tone,recall,dovish,0.33461538461538465,0.09004642129571659,5
ECB,FED,finbert-tone,recall,hawkish,0.39642857142857146,0.04832988786687271,5
ECB,FED,finbert-tone,recall,neutral,0.8429319371727748,0.04769860512640997,5
ECB,FED,finbert-tone,f1,dovish,0.39811297842148613,0.0633959389218056,5
ECB,FED,finbert-tone,f1,hawkish,0.4836075251400481,0.03761180638748447,5
ECB,FED,finbert-tone,f1,neutral,0.7023305773551384,0.013878047924810984,5
ECB,FED,roberta-base,precision,dovish,0.5519826023135844,0.039795348329662535,5
ECB,FED,roberta-base,precision,hawkish,0.6487087179067237,0.03741303876917216,5
ECB,FED,roberta-base,precision,neutral,0.6969134629476408,0.02094714354179293,5
ECB,FED,roberta-base,recall,dovish,0.5865384615384616,0.04710557197659956,5
ECB,FED,roberta-base,recall,hawkish,0.5321428571428571,0.06817360417436097,5
ECB,FED,roberta-base,recall,neutral,0.7403141361256544,0.07646488865741204,5
ECB,FED,roberta-base,f1,dovish,0.566872549067696,0.02452327782753959,5
ECB,FED,roberta-base,f1,hawkish,0.5806427119192415,0.031771823876795634,5
ECB,FED,roberta-base,f1,neutral,0.7160041445446578,0.034190523101310946,5
ECB,FED,roberta-dapt,precision,dovish,0.5683341728640141,0.027778438985912906,5
ECB,FED,roberta-dapt,precision,hawkish,0.6559536541889484,0.03529705183701629,5
ECB,FED,roberta-dapt,precision,neutral,0.7197553135909331,0.02625546391002785,5
ECB,FED,roberta-dapt,recall,dovish,0.601923076923077,0.10257411810072758,5
ECB,FED,roberta-dapt,recall,hawkish,0.5910714285714286,0.03054041317229835,5
ECB,FED,roberta-dapt,recall,neutral,0.7319371727748691,0.07680469453776859,5
ECB,FED,roberta-dapt,f1,dovish,0.579541734011215,0.046653149620810366,5
ECB,FED,roberta-dapt,f1,hawkish,0.6209599131842123,0.018791120201722328,5
ECB,FED,roberta-dapt,f1,neutral,0.7230816680090942,0.02414599210881952,5
ECB,FED,roberta-large,precision,dovish,0.6060828953369237,0.06068682339310977,5
ECB,FED,roberta-large,precision,hawkish,0.6411298391630318,0.026535293696284927,5
ECB,FED,roberta-large,precision,neutral,0.699448985700722,0.028390197442813805,5
ECB,FED,roberta-large,recall,dovish,0.5557692307692308,0.026681609472137702,5
ECB,FED,roberta-large,recall,hawkish,0.575,0.07850037371547597,5
ECB,FED,roberta-large,recall,neutral,0.7654450261780106,0.06880385969005032,5
ECB,FED,roberta-large,f1,dovish,0.5780996447378225,0.025733410306756146,5
ECB,FED,roberta-large,f1,hawkish,0.6026490357805707,0.03263676978158584,5
ECB,FED,roberta-large,f1,neutral,0.7286105519619602,0.020404845167709098,5
ECB,FED,roberta-large-dapt,precision,dovish,0.6334191340754718,0.05751181037414044,5
ECB,FED,roberta-large-dapt,precision,hawkish,0.6271673802342044,0.034879401553428425,5
ECB,FED,roberta-large-dapt,precision,neutral,0.6953631024851074,0.028915422041447886,5
ECB,FED,roberta-large-dapt,recall,dovish,0.5557692307692308,0.04427255551238977,5
ECB,FED,roberta-large-dapt,recall,hawkish,0.5678571428571428,0.030670650066638702,5
ECB,FED,roberta-large-dapt,recall,neutral,0.7738219895287959,0.0529288040046078,5
ECB,FED,roberta-large-dapt,f1,dovish,0.5899842742771628,0.032437298184867826,5
ECB,FED,roberta-large-dapt,f1,hawkish,0.5949187783134187,0.01584331183397311,5
ECB,FED,roberta-large-dapt,f1,neutral,0.7309578277925158,0.017343348601871107,5
FED,ECB,deberta-v3,precision,dovish,0.2835533513959459,0.051048318595803374,5
FED,ECB,deberta-v3,precision,hawkish,0.35125569564358866,0.08097945255762275,5
FED,ECB,deberta-v3,precision,neutral,0.705196822530141,0.06417393781047999,5
FED,ECB,deberta-v3,recall,dovish,0.3657142857142857,0.18584854731657857,5
FED,ECB,deberta-v3,recall,hawkish,0.3726618705035971,0.23573641590065866,5
FED,ECB,deberta-v3,recall,neutral,0.5838509316770186,0.05414781296323819,5
FED,ECB,deberta-v3,f1,dovish,0.30646975246657615,0.08048557181717568,5
FED,ECB,deberta-v3,f1,hawkish,0.33954861517720814,0.17430813639966022,5
FED,ECB,deberta-v3,f1,neutral,0.6362615411826983,0.04022725046315152,5
FED,ECB,finbert,precision,dovish,0.48343214537281065,0.037259428053060616,5
FED,ECB,finbert,precision,hawkish,0.5442226264295452,0.030749374153630982,5
FED,ECB,finbert,precision,neutral,0.6845639987425248,0.0326109969137258,5
FED,ECB,finbert,recall,dovish,0.5199999999999999,0.0541267513843155,5
FED,ECB,finbert,recall,hawkish,0.5381294964028778,0.07361368196999414,5
FED,ECB,finbert,recall,neutral,0.6472049689440993,0.037627655231952696,5
FED,ECB,finbert,f1,dovish,0.4982444828059981,0.02019942024001774,5
FED,ECB,finbert,f1,hawkish,0.5369868807547693,0.027200634365931065,5
FED,ECB,finbert,f1,neutral,0.6648252096106996,0.029150750734015525,5
FED,ECB,finbert-tone,precision,dovish,0.2113751649131695,0.04999729126333722,5
FED,ECB,finbert-tone,precision,hawkish,0.41105063835261413,0.025830213725215483,5
FED,ECB,finbert-tone,precision,neutral,0.612911573189684,0.02130986572283265,5
FED,ECB,finbert-tone,recall,dovish,0.10476190476190475,0.036265586218399565,5
FED,ECB,finbert-tone,recall,hawkish,0.45755395683453237,0.06159382674245754,5
FED,ECB,finbert-tone,recall,neutral,0.7590062111801241,0.030554966152171004,5
FED,ECB,finbert-tone,f1,dovish,0.13890070535919283,0.04239436750299419,5
FED,ECB,finbert-tone,f1,hawkish,0.4325763717082297,0.04179325285374769,5
FED,ECB,finbert-tone,f1,neutral,0.677748369508312,0.016107772580948785,5
FED,ECB,roberta-base,precision,dovish,0.4585879091761445,0.10053779665926664,5
FED,ECB,roberta-base,precision,hawkish,0.5292684124656675,0.05489144655029681,5
FED,ECB,roberta-base,precision,neutral,0.66291719209752,0.04483248552189441,5
FED,ECB,roberta-base,recall,dovish,0.41904761904761906,0.14723452222609815,5
FED,ECB,roberta-base,recall,hawkish,0.5798561151079137,0.10653799409170227,5
FED,ECB,roberta-base,recall,neutral,0.6273291925465838,0.0774531920083225,5
FED,ECB,roberta-base,f1,dovish,0.4300072621641249,0.1032655647071365,5
FED,ECB,roberta-base,f1,hawkish,0.5472555639692356,0.05378629406036345,5
FED,ECB,roberta-base,f1,neutral,0.6402088543578175,0.02775565456509157,5
FED,ECB,roberta-dapt,precision,dovish,0.526027621027621,0.0665838217466672,5
FED,ECB,roberta-dapt,precision,hawkish,0.5722416785014234,0.06708761442312777,5
FED,ECB,roberta-dapt,precision,neutral,0.6600773227350123,0.032012378168280335,5
FED,ECB,roberta-dapt,recall,dovish,0.43619047619047613,0.15273767768936727,5
FED,ECB,roberta-dapt,recall,hawkish,0.581294964028777,0.04673491156521356,5
FED,ECB,roberta-dapt,recall,neutral,0.7180124223602485,0.03474931858558851,5
FED,ECB,roberta-dapt,f1,dovish,0.4691314480378498,0.1159108591913314,5
FED,ECB,roberta-dapt,f1,hawkish,0.57311393541233,0.023190186203413603,5
FED,ECB,roberta-dapt,f1,neutral,0.6868870919728443,0.016595522235791464,5
FED,ECB,roberta-large,precision,dovish,0.5025272055724945,0.0297517911123396,5
FED,ECB,roberta-large,precision,hawkish,0.5792613016681527,0.05483125822784257,5
FED,ECB,roberta-large,precision,neutral,0.6899168933264423,0.0492779231344294,5
FED,ECB,roberta-large,recall,dovish,0.43047619047619046,0.14100385160626094,5
FED,ECB,roberta-large,recall,hawkish,0.6100719424460431,0.07183445131721794,5
FED,ECB,roberta-large,recall,neutral,0.7043478260869565,0.06312832768830764,5
FED,ECB,roberta-large,f1,dovish,0.4512250461129515,0.0830694642693444,5
FED,ECB,roberta-large,f1,hawkish,0.589471828691627,0.018465243141884618,5
FED,ECB,roberta-large,f1,neutral,0.6945968181923161,0.03238856118544167,5
FED,ECB,roberta-large-dapt,precision,dovish,0.5353085100068364,0.05372056427596255,5
FED,ECB,roberta-large-dapt,precision,hawkish,0.560156711504701,0.05444323266247696,5
FED,ECB,roberta-large-dapt,precision,neutral,0.7002207068093708,0.05599859719765127,5
FED,ECB,roberta-large-dapt,recall,dovish,0.36,0.06646227170425867,5
FED,ECB,roberta-large-dapt,recall,hawkish,0.6748201438848922,0.03611482128924064,5
FED,ECB,roberta-large-dapt,recall,neutral,0.7118012422360249,0.09187509111602782,5
FED,ECB,roberta-large-dapt,f1,dovish,0.42822709965216826,0.05542782185554806,5
FED,ECB,roberta-large-dapt,f1,hawkish,0.6103818297461991,0.035371430870437925,5
FED,ECB,roberta-large-dapt,f1,neutral,0.701120323740915,0.038721076072648526,5
FED,FED,deberta-v3,precision,dovish,0.5012645391077133,0.07684891510251893,5
FED,FED,deberta-v3,precision,hawkish,0.32018334089534184,0.1435239367358728,5
FED,FED,deberta-v3,precision,neutral,0.6815929969846981,0.05579023211099295,5
FED,FED,deberta-v3,recall,dovish,0.55,0.05981665774998381,5
FED,FED,deberta-v3,recall,hawkish,0.28035714285714286,0.18607022895143868,5
FED,FED,deberta-v3,recall,neutral,0.7319371727748691,0.04555274708723813,5
FED,FED,deberta-v3,f1,dovish,0.5190261688729259,0.04638355551657024,5
FED,FED,deberta-v3,f1,hawkish,0.2895981058555725,0.1705432129007985,5
FED,FED,deberta-v3,f1,neutral,0.7044666526495413,0.03790285829091452,5
FED,FED,finbert,precision,dovish,0.5858457802532426,0.028831005035191346,5
FED,FED,finbert,precision,hawkish,0.5854462489379867,0.026138879483134217,5
FED,FED,finbert,precision,neutral,0.7072370521279581,0.007019842782007392,5
FED,FED,finbert,recall,dovish,0.5423076923076923,0.03999352758285658,5
FED,FED,finbert,recall,hawkish,0.47857142857142854,0.053794179754971666,5
FED,FED,finbert,recall,neutral,0.8094240837696335,0.018361966404974003,5
FED,FED,finbert,f1,dovish,0.561947559324926,0.01829018108111436,5
FED,FED,finbert,f1,hawkish,0.5248008324593477,0.03174259272556234,5
FED,FED,finbert,f1,neutral,0.7548210891685541,0.010127227457685007,5
FED,FED,finbert-tone,precision,dovish,0.5519580856686405,0.03162709985064243,5
FED,FED,finbert-tone,precision,hawkish,0.5773840882367176,0.040128242110522426,5
FED,FED,finbert-tone,precision,neutral,0.6928106718083022,0.033597718460353185,5
FED,FED,finbert-tone,recall,dovish,0.5403846153846155,0.03623354554118609,5
FED,FED,finbert-tone,recall,hawkish,0.4642857142857143,0.06770424503617456,5
FED,FED,finbert-tone,recall,neutral,0.7769633507853404,0.036197667052237904,5
FED,FED,finbert-tone,f1,dovish,0.5454897552070074,0.027861808630900466,5
FED,FED,finbert-tone,f1,hawkish,0.5120868590511893,0.04654553033020997,5
FED,FED,finbert-tone,f1,neutral,0.7318282192498693,0.025338050763744263,5
FED,FED,roberta-base,precision,dovish,0.7379024430516968,0.11021379884784006,5
FED,FED,roberta-base,precision,hawkish,0.5790915976108358,0.04082952650666094,5
FED,FED,roberta-base,precision,neutral,0.755332836948688,0.02442021068250045,5
FED,FED,roberta-base,recall,dovish,0.6480769230769232,0.04977761194440301,5
FED,FED,roberta-base,recall,hawkish,0.6071428571428571,0.11151782139997139,5
FED,FED,roberta-base,recall,neutral,0.7696335078534032,0.04564292087477147,5
FED,FED,roberta-base,f1,dovish,0.6848135502477756,0.03789116823038562,5
FED,FED,roberta-base,f1,hawkish,0.5857759514143851,0.04308010639864696,5
FED,FED,roberta-base,f1,neutral,0.7612957216017857,0.015588975951820037,5
FED,FED,roberta-dapt,precision,dovish,0.6994087876696573,0.0897717363229402,5
FED,FED,roberta-dapt,precision,hawkish,0.5964628623188406,0.04624424771538019,5
FED,FED,roberta-dapt,precision,neutral,0.7469709261106927,0.017771137373935313,5
FED,FED,roberta-dapt,recall,dovish,0.6923076923076923,0.04949822183166828,5
FED,FED,roberta-dapt,recall,hawkish,0.5499999999999999,0.08624279029316607,5
FED,FED,roberta-dapt,recall,neutral,0.774869109947644,0.04021542276371,5
FED,FED,roberta-dapt,f1,dovish,0.6912157555210839,0.03561806873626634,5
FED,FED,roberta-dapt,f1,hawkish,0.5681602178932731,0.047549921915987316,5
FED,FED,roberta-dapt,f1,neutral,0.7602162102469001,0.022472332391275402,5
FED,FED,roberta-large,precision,dovish,0.7648592999271201,0.07291130979902577,5
FED,FED,roberta-large,precision,hawkish,0.6287969829371601,0.05188099021947336,5
FED,FED,roberta-large,precision,neutral,0.746464435173286,0.017157194174503287,5
FED,FED,roberta-large,recall,dovish,0.6211538461538462,0.07117982893585285,5
FED,FED,roberta-large,recall,hawkish,0.6285714285714287,0.05113507522598698,5
FED,FED,roberta-large,recall,neutral,0.8157068062827225,0.04585263674515459,5
FED,FED,roberta-large,f1,dovish,0.6812392435600343,0.039279070932264674,5
FED,FED,roberta-large,f1,hawkish,0.6264652345619163,0.029551990018071187,5
FED,FED,roberta-large,f1,neutral,0.7789836953632756,0.02312115965058309,5
FED,FED,roberta-large-dapt,precision,dovish,0.7219845515968637,0.007503837670569507,5
FED,FED,roberta-large-dapt,precision,hawkish,0.6152671184880717,0.05438996465652091,5
FED,FED,roberta-large-dapt,precision,neutral,0.7695073363195469,0.03308850774926056,5
FED,FED,roberta-large-dapt,recall,dovish,0.6634615384615385,0.04191248984173725,5
FED,FED,roberta-large-dapt,recall,hawkish,0.6625,0.06294484547148059,5
FED,FED,roberta-large-dapt,recall,neutral,0.762303664921466,0.05137830544647995,5
FED,FED,roberta-large-dapt,f1,dovish,0.6908404869135423,0.021577419252951306,5
FED,FED,roberta-large-dapt,f1,hawkish,0.6349306327757562,0.03063486806862781,5
FED,FED,roberta-large-dapt,f1,neutral,0.7646539046391448,0.027864739746421997,5
