train_institution,eval_institution,model,in_domain,metric,mean,std,n_runs
ECB,ECB,deberta-v3,True,f1_macro,0.40319463748964657,0.14277872049526802,5
ECB,ECB,deberta-v3,True,accuracy,0.4795061728395062,0.057201942149217554,5
ECB,ECB,finbert,True,f1_macro,0.6073518549630222,0.010739240672897894,5
ECB,ECB,finbert,True,accuracy,0.611358024691358,0.012662598918477135,5
ECB,ECB,finbert-tone,True,f1_macro,0.6241530821766568,0.012939862979202537,5
ECB,ECB,finbert-tone,True,accuracy,0.6385185185185185,0.011789961863025484,5
ECB,ECB,roberta-base,True,f1_macro,0.6348083335871557,0.025242323226073372,5
ECB,ECB,roberta-base,True,accuracy,0.6370370370370371,0.024814507706471325,5
ECB,ECB,roberta-dapt,True,f1_macro,0.642579550643821,0.01444745511285113,5
ECB,ECB,roberta-dapt,True,accuracy,0.6434567901234567,0.015478941252995032,5
ECB,ECB,roberta-large,True,f1_macro,0.6744884081670683,0.009806904408543603,5
ECB,ECB,roberta-large,True,accuracy,0.6795061728395061,0.0103879920829445,5
ECB,ECB,roberta-large-dapt,True,f1_macro,0.681707871806845,0.011949567343315313,5
ECB,ECB,roberta-large-dapt,True,accuracy,0.6859259259259259,0.013569018927441084,5
ECB,FED,deberta-v3,False,f1_macro,0.38003374764312897,0.1019566637049367,5
ECB,FED,deberta-v3,False,accuracy,0.4982800982800983,0.023528284265108827,5
ECB,FED,finbert,False,f1_macro,0.5361604513666991,0.024613960303841494,5
ECB,FED,finbert,False,accuracy,0.5823095823095823,0.012161541691169122,5
ECB,FED,finbert-tone,False,f1_macro,0.5280170269722242,0.02230757918537395,5
ECB,FED,finbert-tone,False,accuracy,0.5901719901719902,0.01405010167616292,5
ECB,FED,roberta-base,False,f1_macro,0.6211731351771983,0.011186195323586803,5
ECB,FED,roberta-base,False,accuracy,0.6437346437346437,0.018386522785129904,5
ECB,FED,roberta-dapt,False,f1_macro,0.6411944384015071,0.00776985778064755,5
ECB,FED,roberta-dapt,False,accuracy,0.6599508599508599,0.010219476335668528,5
ECB,FED,roberta-large,False,f1_macro,0.6364530774934511,0.016806066000420193,5
ECB,FED,roberta-large,False,accuracy,0.6594594594594595,0.01725158691060634,5
ECB,FED,roberta-large-dapt,False,f1_macro,0.6386202934610326,0.018810834126277987,5
ECB,FED,roberta-large-dapt,False,accuracy,0.6614250614250614,0.019221235592735083,5
FED,ECB,deberta-v3,False,f1_macro,0.42742663627549426,0.054434293655668015,5
FED,ECB,deberta-v3,False,accuracy,0.45481481481481484,0.04607436518241301,5
FED,ECB,finbert,False,f1_macro,0.566685524390489,0.01863093910737619,5
FED,ECB,finbert,False,accuracy,0.5767901234567901,0.01885294732723069,5
FED,ECB,finbert-tone,False,f1_macro,0.4164084821919115,0.021735891497492835,5
FED,ECB,finbert-tone,False,accuracy,0.48592592592592593,0.022724099486110712,5
FED,ECB,roberta-base,False,f1_macro,0.5391572268303927,0.048050588096900736,5
FED,ECB,roberta-base,False,accuracy,0.5570370370370371,0.03787528769628704,5
FED,ECB,roberta-dapt,False,f1_macro,0.5763774918076747,0.0447918765573501,5
FED,ECB,roberta-dapt,False,accuracy,0.5980246913580247,0.03364735487626304,5
FED,ECB,roberta-large,False,f1_macro,0.5784312309989648,0.03453271240705914,5
FED,ECB,roberta-large,False,accuracy,0.6009876543209878,0.022535514487120257,5
FED,ECB,roberta-large-dapt,False,f1_macro,0.5799097510464274,0.0372811838114461,5
FED,ECB,roberta-large-dapt,False,accuracy,0.6079012345679012,0.037786652713681555,5
FED,FED,deberta-v3,True,f1_macro,0.5043636424593465,0.07855418513885995,5
FED,FED,deberta-v3,True,accuracy,0.5611793611793611,0.046280431166471146,5
FED,FED,finbert,True,f1_macro,0.6138564936509426,0.00842167146033644,5
FED,FED,finbert,True,accuracy,0.6501228501228502,0.008259329884015523,5
FED,FED,finbert-tone,True,f1_macro,0.5964682778360222,0.029641098593366944,5
FED,FED,finbert-tone,True,accuracy,0.6304668304668304,0.025687135211174716,5
FED,FED,roberta-base,True,f1_macro,0.6772950744213154,0.019241593527308594,5
FED,FED,roberta-base,True,accuracy,0.6938574938574937,0.01147185998027396,5
FED,FED,roberta-dapt,True,f1_macro,0.6731973945537524,0.02577682511279262,5
FED,FED,roberta-dapt,True,accuracy,0.6918918918918919,0.022357372316613895,5
FED,FED,roberta-large,True,f1_macro,0.6955627244950754,0.02647948982201513,5
FED,FED,roberta-large,True,accuracy,0.7144963144963146,0.024960049335037447,5
FED,FED,roberta-large-dapt,True,f1_macro,0.6968083414428144,0.02463767075387739,5
FED,FED,roberta-large-dapt,True,accuracy,0.7095823095823096,0.026256609351140145,5
