model,run,seed,test_accuracy,test_f1_macro,test_f1_weighted,test_loss
roberta-base,1,42,0.6148148148148148,0.6092629293804037,0.6137729680667626,1.8435744047164917
roberta-base,2,43,0.6296296296296297,0.6274988966854179,0.6313315805101074,1.97965407371521
roberta-base,3,44,0.6493827160493827,0.6495020513042159,0.6540139260873851,1.7991069555282593
roberta-base,4,45,0.674074074074074,0.6709248476585814,0.675070630118697,1.782244324684143
roberta-base,5,46,0.6172839506172839,0.6168529429071598,0.6198279823949168,2.4604711532592773
roberta-dapt,1,42,0.654320987654321,0.6545176266088434,0.6589288067547329,2.174196720123291
roberta-dapt,2,43,0.6641975308641975,0.6605956884645409,0.6653958023356932,1.8350956439971924
roberta-dapt,3,44,0.6395061728395062,0.6386870789957134,0.6410914396740075,1.879110336303711
roberta-dapt,4,45,0.6320987654320988,0.6321039114699568,0.6351157406857751,2.262472152709961
roberta-dapt,5,46,0.6271604938271605,0.6269934476800505,0.6293186383722223,2.2509925365448
roberta-large,1,42,0.6617283950617284,0.6584773704617445,0.666331934956997,2.2690789699554443
roberta-large,2,43,0.6864197530864198,0.6813256373256373,0.68712936775159,1.9522069692611694
roberta-large,3,44,0.6790123456790124,0.6725312993042077,0.6798583847578978,2.0814759731292725
roberta-large,4,45,0.6839506172839506,0.6772412587358007,0.6855381387341032,1.6794917583465576
roberta-large,5,46,0.6864197530864198,0.6828664750079513,0.6885991175254362,1.6118751764297485
roberta-large-dapt,1,42,0.6641975308641975,0.6629794174946265,0.6677355471733024,2.4694929122924805
roberta-large-dapt,2,43,0.7012345679012346,0.695974464492983,0.7027569671602594,1.8248026371002197
roberta-large-dapt,3,44,0.6864197530864198,0.6806870265836831,0.684962001611782,1.7331510782241821
roberta-large-dapt,4,45,0.691358024691358,0.6838144777203746,0.6901689196932914,1.866764783859253
roberta-large-dapt,5,46,0.6864197530864198,0.6850839727425578,0.6920554220134807,1.7027839422225952
deberta-v3,1,42,0.5234567901234568,0.5261942826691028,0.5375357844236075,2.2878730297088623
deberta-v3,2,43,0.39753086419753086,0.18963486454652534,0.22615713475548577,2.3608596324920654
deberta-v3,3,44,0.47160493827160493,0.3822768281101614,0.3889313601350638,1.9989395141601562
deberta-v3,4,45,0.5432098765432098,0.5430619092272527,0.5563340020820325,2.1434452533721924
deberta-v3,5,46,0.4617283950617284,0.37480530289519054,0.38018464573603983,2.076411724090576
finbert,1,42,0.6222222222222222,0.6147496176133351,0.6216662895546444,1.896324634552002
finbert,2,43,0.6148148148148148,0.6088460279376603,0.6133733611368566,2.204355001449585
finbert,3,44,0.6049382716049383,0.6031525049013474,0.6060284254972028,2.2762084007263184
finbert,4,45,0.6222222222222222,0.6187117833097325,0.6232557922350251,1.8711024522781372
finbert,5,46,0.5925925925925926,0.5912993410530356,0.5963203858113546,2.6064651012420654
finbert-tone,1,42,0.6518518518518519,0.6388348703555199,0.6487617318601682,2.2997922897338867
finbert-tone,2,43,0.6370370370370371,0.6173761431531427,0.6307553230679493,2.4128153324127197
finbert-tone,3,44,0.6493827160493827,0.6365440468717305,0.6456063487634945,2.528512954711914
finbert-tone,4,45,0.6271604938271605,0.6090664318371425,0.6170912056681125,2.4773926734924316
finbert-tone,5,46,0.6271604938271605,0.618943918665748,0.6275247855908178,2.6114344596862793
